RB_Number,Building_Name,Date_Registered,Links,Parish,Features,Status
1,"Bishopscourt, together with buildings contiguous therewith",23/05/1983,https://www.gov.im/media/631541/0500001regbldbishopscourt.pdf,Ballaugh,,Registered
2,"Leodest Methodist Chapel, Leodest Road",23/05/1983,https://www.gov.im/media/631487/rb2-registration-notice-and-entry-summary-221123.pdf,Andreas,,Registered
3,"Cranstal Cottage, Cranstal",23/05/1983,https://www.gov.im/media/1381277/rb3-cranstal-cottage-cranstal-uploaded-301123_compressed.pdf,Bride,Thatched building,Registered
4,"Bridge Cottage, Cranstal",23/05/1983,https://www.gov.im/media/1381278/rb4-bridge-cottage-cranstal-uploaded-301123_compressed.pdf,Bride,Thatched building,Registered
5,"Yn Thie Thooit, Lhen Bridge",23/05/1983,https://www.gov.im/media/631493/rb5-registration-notice-and-entry-summary-221123.pdf,Andreas,Thatched building,Registered
6,"Primrose Thatched Cottage, St Marys Road",23/05/1983,https://www.gov.im/media/1381279/rb6-primrose-thatched-cottage-st-mary-s-road-uploaded-301123_compressed.pdf,Port Erin,Thatched building,Registered
7,"Cott Ny Greiney, Beach Road",23/05/1983,https://www.gov.im/media/1381280/rb7-cott-ny-greiney-beach-road-uploaded-301123_compressed.pdf,Port St Mary,Thatched building,Registered
8,Thatched house at Niarbyl Beach,23/05/1983,https://www.gov.im/media/632789/rb8-registration-notice-and-entry-summary-221123.pdf,Patrick,Thatched building,Registered
9,"Rose Cottage, Surby Road, Surby",23/05/1983,https://www.gov.im/media/633011/rb9-registration-notice-and-entry-summary-221123.pdf,Rushen,Thatched building,Registered
10,"Mysore Cottages, 37, 39, 41 & 43 Waterloo Road",19/07/1983,https://www.gov.im/media/632861/0500010regbldmysorecottages.pdf,Ramsey,,Registered
11,"Ballaugh Old Church, The Cronk",21/07/1983,https://www.gov.im/media/1348571/regbld11-ballaugh-old-church-reduced.pdf,Ballaugh,,Registered
13,"Old Kirk Lonan (St Adamnan's) Ballamenagh Road, Baldrine",21/07/1983,https://www.gov.im/media/1352399/rb13-registration-notice-and-entry-summary-221123.pdf,Lonan,,Registered
14,"St Runius Church, Ellerslie",21/07/1983,https://www.gov.im/media/1385910/rb14-registration-notice-and-entry-summary-081024_compressed.pdf,Marown,,Registered
15,"Santon Parish Church (St Sanctain's), Church Road",21/07/1983,https://www.gov.im/media/1382150/rb15-registration-notice-and-entry-summary_compressed.pdf,Santon,,Registered
16,"Bridge House (main building), Bridge Street",26/09/1983,https://www.gov.im/media/631643/0500016regbldbridgehouse.pdf,Castletown,,Registered
17,Town Hall (Manannan House) Market Square (the main building),26/09/1983,https://www.gov.im/media/1382151/rb17-registration-notice-and-entry-summary.pdf,Castletown,,Registered
18,20 Church Street,26/09/1983,https://www.gov.im/media/632033/rb18-20-church-street.pdf,Douglas,,Registered
19,22 Church Street (including that portion of the shop extending under No. 20 Church Street),26/09/1983,https://www.gov.im/media/632039/0500019regbld22churchstreet.pdf,Douglas,,Registered
20,24 Church Street,26/09/1983,https://www.gov.im/media/632045/0500020regbld24churchstreet.pdf,Douglas,,Registered
21,7 John Street,26/09/1983,https://www.gov.im/media/632051/0500021regbldscottsbistro.pdf,Douglas,,Registered
22,"The Cottage, Bishopscourt",26/09/1983,https://www.gov.im/media/632639/0500022regbldfoxcottage.pdf,Michael,,Registered
23,"The Refectory, Bishopscourt",26/09/1983,https://www.gov.im/media/632645/0500023regbldhollylodge.pdf,Michael,,Registered
24,Castle Rushen,03/02/1984,https://www.gov.im/media/1382253/rb24-notice-of-registration-and-reasons.pdf,Castletown,,Registered
25,The Castle Arms Hotel (The Glue Pot),03/02/1984,https://www.gov.im/media/1382254/rb25-notice-of-registration-and-reasons.pdf,Castletown,,Registered
26,The Social Security Offices,03/02/1984,https://www.gov.im/media/1382255/rb26-notice-of-registration-and-reasons.pdf,Castletown,,Registered
27,The Police Station,03/02/1984,https://www.gov.im/media/631673/0500027regbldpolicestation.pdf,Castletown,Baillie Scott,Registered
28,The Post Office,03/02/1984,https://www.gov.im/media/1382256/rb28-notice-of-registration-and-reasons.pdf,Castletown,,Registered
29,The Commissioners' Office (Old House of Keys) Parliament Square,03/02/1984,https://www.gov.im/media/1382257/rb29-notice-of-registration-and-reasons.pdf,Castletown,,Registered
30,"Barclays Bank, Market Square",03/02/1984,https://www.gov.im/media/631691/0500030regbldbarclaysbank.pdf,Castletown,,Registered
31,"""The Parade Stores"" (G & F Collister), 1 Malew Street IM9 1AB",03/02/1984,https://www.gov.im/media/631697/0500031regbld-1-malew-street.pdf,Castletown,,Registered
32,"The Manx Co-operative Store, The Parade",03/02/1984,https://www.gov.im/media/631703/0500032regbldthemanxcoop.pdf,Castletown,,Registered
33,The Smelt Memorial,03/02/1984,https://www.gov.im/media/631709/rb33-smelt-memorial-scan.pdf,Castletown,,Registered
34,No. 5 The Parade,03/02/1984,https://www.gov.im/media/631715/0500034regbld5theparade.pdf,Castletown,,Registered
35,"Balcony House, The Parade",03/02/1984,https://www.gov.im/media/631721/0500035regbldflat15theparade.pdf,Castletown,,Registered
36,"""The Odd Bottle""/Castle Wine Stores, 6A The Parade",03/02/1984,https://www.gov.im/media/631727/0500036regbldshopbalconyhouse.pdf,Castletown,,Registered
37,"No. 7 (formerly No. 4), The Parade",03/02/1984,https://www.gov.im/media/631733/0500037regbld7theparade.pdf,Castletown,,Registered
38,"The George Hotel, The Parade",03/02/1984,https://www.gov.im/media/631739/0500038regbldthegeorgehotel.pdf,Castletown,,Registered
39,"The Isle of Man Bank, The Parade",03/02/1984,https://www.gov.im/media/631745/0500039regbldisleofmanbank.pdf,Castletown,,Registered
40,"The Trustee Savings Bank, The Parade",03/02/1984,https://www.gov.im/media/631751/0500040regbldtsbbank.pdf,Castletown,,Registered
41,"Ellan Vannin, The Quay",24/02/1984,https://www.gov.im/media/631764/0500041regbldellanvannin.pdf,Castletown,,Registered
42,"Packet House, The Quay",24/02/1984,https://www.gov.im/media/631777/0500042regbldsolomonscorner.pdf,Castletown,,Registered
43,1 Quay Lane,24/02/1984,https://www.gov.im/media/631787/0500043regbld1quaylane.pdf,Castletown,,Registered
44,2 Quay Lane,24/02/1984,https://www.gov.im/media/631793/0500044regbld2quaylane.pdf,Castletown,,Registered
45,"Garage, rear of ""Clarksons"", 1 Parliament Square",24/02/1984,https://www.gov.im/media/631799/0500045regbldgarage.pdf,Castletown,,Registered
46,1 Parliament Square,24/02/1984,https://www.gov.im/media/631805/0500046regbldcastleview.pdf,Castletown,,Registered
47,"Harbour House, 7 The Quay",24/02/1984,https://www.gov.im/media/631811/0500047regbldharbourhouse.pdf,Castletown,,Registered
48,"The Granary, The Quay",24/02/1984,https://www.gov.im/media/631817/0500048regbldthegranary.pdf,Castletown,,Registered
49,5 The Quay,24/02/1984,https://www.gov.im/media/631823/0500049regbldpowriecottage.pdf,Castletown,,Registered
50,4 The Quay,24/02/1984,https://www.gov.im/media/631829/0500050regbld4thequay.pdf,Castletown,,Registered
51,3 The Quay,24/02/1984,https://www.gov.im/media/631835/0500051regbld3thequay.pdf,Castletown,,Registered
52,Harbour Master's Office,,https://www.gov.im/media/631841/0500052regbld-harbour-office-complete.pdf,Castletown,,De-registered
53,"The Soup Kitchen/The Old Inn, Parliament Lane",24/02/1984,https://www.gov.im/media/631847/0500053regbldtheoldinn.pdf,Castletown,,Registered
54,3 Parliament Lane,24/02/1984,https://www.gov.im/media/631853/0500054regbld3parliamentlane.pdf,Castletown,,Registered
55,1 Parliament Lane,24/02/1984,https://www.gov.im/media/631859/0500055regbld1parliamentlane.pdf,Castletown,,Registered
56,"Former H M Coastguard Building (now Rocket House), Parliament Square",24/02/1984,https://www.gov.im/media/631865/0500056regbldtherockethouse.pdf,Castletown,,Registered
57,4 Quay Lane,24/02/1984,https://www.gov.im/media/631871/0500057regbld4quaylane.pdf,Castletown,,Registered
58,2 Parliament Square,24/02/1984,https://www.gov.im/media/631877/0500058regbld2parliamentsquare.pdf,Castletown,,Registered
59,3 The Parade,24/02/1984,https://www.gov.im/media/631883/0500059regbldtheparade.pdf,Castletown,,Registered
60,"The Old Lifeboat House, The Quay",24/02/1984,https://www.gov.im/media/631889/0500060regbldthelifeboathouse.pdf,Castletown,,Registered
61,3 Parliament Square,24/02/1984,https://www.gov.im/media/631895/0500061regbldhighburyhouse.pdf,Castletown,,Registered
62,4 Parliament Square,24/02/1984,https://www.gov.im/media/631901/0500062regbld4parliamentsquare.pdf,Castletown,,Registered
63,"Westminster House, Parliament Square",24/02/1984,https://www.gov.im/media/631907/0500063regbldwestministerhouse.pdf,Castletown,,Registered
64,5 Parliament Square,24/02/1984,https://www.gov.im/media/631913/0500064regbldcornishhouse.pdf,Castletown,,Registered
65,"Compton House, Parliament Square",24/02/1984,https://www.gov.im/media/631919/0500065regbldcomptonhouse.pdf,Castletown,,Registered
66,"Stanley House, Castle Street",24/02/1984,https://www.gov.im/media/631925/0500066regbldstanleyhouse.pdf,Castletown,,Registered
67,"""Hawtons"", 5 Castle Street",24/02/1984,https://www.gov.im/media/631931/0500067regbldthegarisson.pdf,Castletown,,Registered
68,3 Castle Street,24/02/1984,https://www.gov.im/media/631937/0500068regbldmanxcwshq13.pdf,Castletown,,Registered
69,24 Castle Street,24/02/1984,https://www.gov.im/media/631943/0500069regbld1castlestreet.pdf,Castletown,,Registered
70,"Red House, 1 The Parade",24/02/1984,https://www.gov.im/media/631949/0500070regbldpeakviewingtransatla.pdf,Castletown,,Registered
71,2 The Parade,24/02/1984,https://www.gov.im/media/631955/0500071regbldtullochhouse.pdf,Castletown,,Registered
72,St Mary's Church,15/03/1984,https://www.gov.im/media/631961/0500072regbld1stfloorstmarys.pdf,Castletown,,Registered
73,St Mary's Chapel/Old Grammar School,15/03/1984,https://www.gov.im/media/631967/0500073regbldtheschoolhouse.pdf,Castletown,,Registered
74,"Douglas Railway Station, together with the Ticket Office, Gateway and boundary walls",15/03/1984,https://www.gov.im/media/632057/0500074regblddouglasrailwaystatio.pdf,Douglas,,Registered
75,Warehouse/store to the rear of St Mary's Church,,https://www.gov.im/media/631973/0500075regbld-the-warehouse-add.pdf,Castletown,,De-registered
76,The Witches Mill and attached building (part of Mill Court),28/02/1985,https://www.gov.im/media/631979/witches-mill-scan.pdf,Castletown,,Registered
77,"The great Union Camera Obscura, Douglas Head",29/03/1985,https://www.gov.im/media/632063/0500077regbldcameraobscura.pdf,Douglas,,Registered
78,"Clinch's Brewery Building, North Quay",29/03/1985,https://www.gov.im/media/632069/0500078regbldwaterfrontrestaurant.pdf,Douglas,,Registered
79,"Ramsey Court House, Parliament Street",26/04/1985,https://www.gov.im/media/632867/0500079regbldcourthouse.pdf,Ramsey,,Registered
80,"Our Lady of the Star and Sea St Maughold's Roman Catholic Church, Queens Promenade",26/04/1985,https://www.gov.im/media/632873/0500080regbldourladyofthestara.pdf,Ramsey,,Registered
82,"The Castle Mona Hotel, Central Promenade",03/10/1985,https://www.gov.im/media/632075/0500082regbld-castlemona-hotel-v2.pdf,Douglas,,Registered
83,"Tynwald Old Mill and original Mill Wheel, Fuller's Hammer and related machinery, St Johns",04/11/1985,https://www.gov.im/media/632501/0500083regbldtheoldwoollenmills.pdf,German,,Registered
84,"St Paul's Church, Market Square",27/11/1985,https://www.gov.im/media/632879/0500084regbldstpaulschurch.pdf,Ramsey,,Registered
85,Christ Church,21/01/1986,https://www.gov.im/media/632531/0500085regbldchristchurch.pdf,Laxey,,Registered
86,"The Spire of St Andrew's United Reform Church, Finch Road",19/02/1986,https://www.gov.im/media/1349789/rb-86-st-andrews-spire.pdf,Douglas,,Registered
87,"Ramsey Youth Centre, Waterloo Road",19/02/1986,https://www.gov.im/media/632885/0500087regbldyouthcentre.pdf,Ramsey,,Registered
88,"Lough House, Approach Road",18/04/1986,https://www.gov.im/media/632891/0500088regbldloughhouse.pdf,Ramsey,,Registered
89,"Philip Christian Centre, Christian Street",06/05/1986,https://www.gov.im/media/632807/0500089regbldphilipchristiancentr.pdf,Peel,,Registered
90,Ballure Church,08/05/1986,https://www.gov.im/media/632897/0500090regbldballurechurch.pdf,Ramsey,,Registered
91,"Staward Farm, Ballabrooie, Sulby",23/02/1987,https://www.gov.im/media/632543/0500091regbldoutbuildingsstawardf.pdf,Lezayre,,Registered
93,4 Finch Road,27/07/1987,https://www.gov.im/media/632087/0500093regbldoffice4finchroad.pdf,Douglas,,Registered
94,6 Finch Road,27/07/1987,https://www.gov.im/media/632093/0500094regbldcaferoyale.pdf,Douglas,,Registered
95,8 Finch Road,27/07/1987,https://www.gov.im/media/632099/0500095regbld8finchroad.pdf,Douglas,,Registered
96,12 Finch Road,09/09/1987,https://www.gov.im/media/632105/0500096regbld12finchroad.pdf,Douglas,,Registered
97,14 Finch Road,09/09/1987,https://www.gov.im/media/632111/050097regbld1214finchroad.pdf,Douglas,,Registered
98,16 Finch Road,27/07/1987,https://www.gov.im/media/632117/0500098regbld16finchroad.pdf,Douglas,,Registered
99,18 Finch Road,27/07/1987,https://www.gov.im/media/632123/0500099regbld18finchroad.pdf,Douglas,,Registered
100,20 Finch Road,27/07/1987,https://www.gov.im/media/632129/0500100regbld20finchroad.pdf,Douglas,,Registered
101,22 Finch Road,27/07/1987,https://www.gov.im/media/632135/0500101regbld-offices-22-finch-road.pdf,Douglas,,Registered
102,24 Finch Road,27/07/1987,https://www.gov.im/media/632141/0500102regbldoffices24finchroad.pdf,Douglas,,Registered
103,Former Castletown Brewery,,https://www.gov.im/media/631985/0500103regbld-office-1-brewery-court-add.pdf,Castletown,,De-registered
104,"The Foundry, East Quay",21/09/1987,https://www.gov.im/media/632813/0500104regbldtheforge.pdf,Peel,,Registered
105,"The Old thatch, Brunswick Road",17/02/1988,https://www.gov.im/media/632147/0500105regbldoldthatch.pdf,Douglas,Thatched building,Registered
106,"St Matthew's Church, North Quay",19/09/1988,https://www.gov.im/media/632153/0500106regbldstmatthewschurchhal.pdf,Douglas,,Registered
107,"The Rechabite Hall, Allan Street",09/11/1988,https://www.gov.im/media/632159/0500107regbldrechabitehall.pdf,Douglas,,Registered
108,"8 Dwellings, numbered 5-9 Charles Street and 1-11 Queen Street",17/02/1989,https://www.gov.im/media/1379799/rb108-notice-of-registration_compressed.pdf,Peel,,Registered
109,"Finch Hill United Reformed Church, Buck's Road",,https://www.gov.im/media/632165/0500109regbld-finch-hill-united-reformed-church-add.pdf,Douglas,,De-registered
110,"The South, East and West elementsf the Courtyard at Ellerslie Farm",16/03/1989,https://www.gov.im/media/632621/0500110regbldellersliemanorhouse.pdf,Marown,,Registered
111,"The former premises of T Moore & Sons, Mill Road, Peel (The Kepperyard)",23/08/1989,https://www.gov.im/media/1363146/0500111regbld-kipper-houses.pdf,Peel,,Registered
112,The Falcon Cliff Hotel,11/09/1989,https://www.gov.im/media/632171/0500112regbldfalconcliffhotel.pdf,Douglas,,Registered
113,The Douglas Head Hotel,11/09/1989,https://www.gov.im/media/632177/0500113regbldapartments122dougla.pdf,Douglas,,Registered
114,"The Salisbury Hotel, Victoria Street",11/09/1989,https://www.gov.im/media/632183/0500114regbldsalisburyhouse.pdf,Douglas,,Registered
115,The Harbour Swing Bridge Tower and Mechanism,11/09/1989,https://www.gov.im/media/632189/0500115regblddouglasswingbridge.pdf,Douglas,,Registered
116,"The Palace Lido, Central Promenade",,https://www.gov.im/media/632195/0500116regbld-the-palace-lido-add.pdf,Douglas,,De-registered
117,"Kate's Cottage, Keppel Gate",11/09/1989,https://www.gov.im/media/632699/rb-117-registration-notice-and-entry-summary-221123.pdf,Onchan,,Registered
118,"Village Hall, Royal Avenue",11/09/1989,https://www.gov.im/media/632705/0500118regbldonchanparishhall.pdf,Onchan,,Registered
119,St Peter's Parish Church,11/09/1989,https://www.gov.im/media/1349732/rb119-st-peters-church-scan.pdf,Onchan,,Registered
120,The Market Buildings,11/09/1989,https://www.gov.im/media/632201/0500120regbldnewmarkethall.pdf,Douglas,,Registered
121,"St Catherine's, St Catherine's Terrace",11/09/1989,https://www.gov.im/media/632717/0500121regbldstcatherines.pdf,Onchan,,Registered
122,"Welch House, Church Road",11/09/1989,https://www.gov.im/media/632723/0500122regbldwelchhouse.pdf,Onchan,,Registered
123,"Braeside, King Edward Road",11/09/1989,https://www.gov.im/media/632729/0500123regbldbraeside.pdf,Onchan,Baillie Scott,Registered
124,"Leafield, King Edward Road",11/09/1989,https://www.gov.im/media/632735/0500124regbldleafield.pdf,Onchan,Baillie Scott,Registered
125,19 Governor's Road,11/09/1989,https://www.gov.im/media/632741/0500125regbld19governorsroad.pdf,Onchan,,Registered
126,21 Governor's Road,11/09/1989,https://www.gov.im/media/632747/0500126regbld21governorsroad.pdf,Onchan,,Registered
127,23 Governor's Road,11/09/1989,https://www.gov.im/media/632753/0500127regbld23governorsroad.pdf,Onchan,,Registered
128,25 Governor's Road,11/09/1989,https://www.gov.im/media/632759/0500128regbld25governorsroad.pdf,Onchan,,Registered
129,27 Governor's Road,11/09/1989,https://www.gov.im/media/632765/0500129regbld27governorsroad.pdf,Onchan,,Registered
131,Ballaglass Power Station,11/05/1989,https://www.gov.im/media/632627/0500131regbldballaglasspowerstati.pdf,Maughold,,Registered
132,"Watch House, part of former Red Pier",20/07/1990,https://www.gov.im/media/632207/0500132regbldwatchhouseswitchroo.pdf,Douglas,,Registered
133,"Woodlands Towers, Ashley Road",20/07/1991,https://www.gov.im/media/632771/0500133regbldwoodlandtowers.pdf,Onchan,,Registered
134,"The Coach House, Selbourne Drive",04/10/1990,https://www.gov.im/media/632213/0500134regbldoldcoachhouse.pdf,Douglas,,Registered
135,"Thurot Cottage, Hill Road",17/10/1990,https://www.gov.im/media/631625/0500135regbldthurotcottage.pdf,Bride,,Registered
136,"The Old Court House, Kirk Michael",14/02/1991,https://www.gov.im/media/632651/0500136regbldthecourthouse.pdf,Michael,,Registered
137,"The Nook, Quarterbridge Road",15/04/1991,https://www.gov.im/media/632219/0500137regbldthenook.pdf,Douglas,,Registered
138,Kirk Christ Lezayre Parochial Church,11/07/1991,https://www.gov.im/media/1351765/0500138regbld-lezayre-church-reduced.pdf,Lezayre,,Registered
139,Warehouse building at 26 West Quay,01/08/1991,https://www.gov.im/media/632903/0500139regbldflatsthurwoodplace.pdf,Ramsey,,Registered
140,The Quarter Bridge Hotel,,https://www.gov.im/media/632225/0500140regbld-quarterbridge-hotel-add.pdf,Douglas,,De-registered
141,"Landmark Tower known as The Herring Tower, Langness",01/08/1991,https://www.gov.im/media/632567/0500141regbldherringtower.pdf,Malew,,Registered
142,"The Powder House, Langness",01/08/1991,https://www.gov.im/media/632573/0500142regbldthepowderhouse.pdf,Malew,,Registered
143,"Orrisdale Limekiln, Glentrunk, Michael",15/10/1991,https://www.gov.im/media/632657/0500143regbldorrisdalelimekiln.pdf,Michael,,Registered
144,"The Saddle Hotel, Parliament Street",01/01/1991,https://www.gov.im/media/632909/0500144regbldnightlifemarketplace.pdf,Ramsey,,Registered
145,"Okells Brewery, Glen Falcon",17/03/1992,https://www.gov.im/media/632231/0500145regbldoldbrewerywinetradi.pdf,Douglas,,Registered
146,"Thurot Cottage Outbuildings and Gate, Hill Road",21/10/1992,https://www.gov.im/media/631631/0500146regbldthurotcottageoutbuil.pdf,Bride,,Registered
147,Point of Ayre Lighthouse,05/11/1993,https://www.gov.im/media/631637/0500147regbldlighthouse.pdf,Bride,,Registered
148,Langness Lighthouse,05/11/1993,https://www.gov.im/media/632579/0500148regbldlangnesslighthouse.pdf,Malew,,Registered
149,Douglas Head Lighthouse,05/11/1993,https://www.gov.im/media/632237/0500149regblddouglasheadlighthous.pdf,Douglas,,Registered
150,Balladoole Farm Buildings,08/02/1994,https://www.gov.im/media/631517/0500150regbldballadoolefarm.pdf,Arbory,,Registered
151,"2, 4, 6, 8, 10, 12, 14, 16, & 18, Albion Terrace",24/08/1994,https://www.gov.im/media/632915/0500151regbld218albionterrace.pdf,Ramsey,,Registered
152,"3, 4, 5, 6, 7, 8, 9 & 10 Auckland Terrace & West House",24/08/1994,https://www.gov.im/media/632921/0500152regbldbeanoa.pdf,Ramsey,,Registered
154,Queens Pier,06/02/1995,https://www.gov.im/media/632927/0500154regbldqueenspierentrance.pdf,Ramsey,,Registered
155,Ballure Inn,12/07/1995,https://www.gov.im/media/632933/0500155regbld7ballureroad.pdf,Ramsey,,Registered
156,"Facade and Foyer, Strand Cinema",11/07/1995,https://www.gov.im/media/632243/0500156regbldsiteformerlyknownas.pdf,Douglas,,Registered
157,"The Village House, Foxdale",31/10/1995,https://www.gov.im/media/632795/0500157regbldvillagehouse.pdf,Patrick,,Registered
159,"""Ivydene"", Little Switzerland",26/01/1996,https://www.gov.im/media/632249/0500159regbldivydene.pdf,Douglas,Baillie Scott,Registered
160,"The Red House, Victoria Road",26/01/1996,https://www.gov.im/media/632255/0500160regbldredhouse.pdf,Douglas,Baillie Scott,Registered
161,"""Oakleigh"", Glencrutchery Road",26/01/1996,https://www.gov.im/media/632261/0500161regbldoakleigh.pdf,Douglas,Baillie Scott,Registered
162,"Myrtle Bank, Little Switzerland",26/01/1996,https://www.gov.im/media/632267/0500162regbldmyrtlebank.pdf,Douglas,Baillie Scott,Registered
163,"Hollybank, Little Switzerland",26/01/1996,https://www.gov.im/media/632273/0500163regbldhollybank.pdf,Douglas,Baillie Scott,Registered
164,"Falcon Cliff Terrace, Ivy Cottage, Thie Bannee, Inglenook, Thorn Bank",26/01/1996,https://www.gov.im/media/632279/rb-164-falcon-cliff-terrace-ivy-cottage-thie-bannee-inglenook-thorn-bank-terrace-registration-documents-130623.pdf,Douglas,Baillie Scott,Registered
166,"Cadran Cottage, Ballanard Road",15/09/1996,https://www.gov.im/media/632285/0500166regbldcadrancottage.pdf,Douglas,,Registered
167,Douglas Courthouse and 13 Athol Street,15/04/1997,https://www.gov.im/media/632291/0500167regbldformerdouglascourth.pdf,Douglas,,Registered
168,"Milntown House, Including the Old Mill, Mill Pond and Mill Race",21/05/1997,https://www.gov.im/media/632555/0500168regbldmilntownmansion.pdf,Lezayre,,Registered
169,"Douglas Town Hall and Public Library, Ridgeway Street",22/05/1997,https://www.gov.im/media/632297/0500169regbldfreelibrary.pdf,Douglas,,Registered
170,"St Stephens Church and former School Room, Sulby",22/4/1998,https://www.gov.im/media/1348568/rb-170-a4.pdf,Lezayre,,Registered
171,"Sulby Old School, Sulby",22/4/1998,https://www.gov.im/media/1348569/rb-171-a4.pdf,Lezayre,,Registered
172,"Sulby Methodist Church, Sulby",22/4/1998,https://www.gov.im/media/1348570/rb-172v2.pdf,Lezayre,,Registered
173,Central Hotel,25/06/1998,https://www.gov.im/media/632303/0500173regbld-central-hotel-website.pdf,Douglas,,Registered
174,1 Albert Terrace,25/06/1998,https://www.gov.im/media/632309/0500174regbld1albertterrace.pdf,Douglas,,Registered
175,Majestic Hotel,,https://www.gov.im/media/632777/0500175regbld-majestic-hotel-add.pdf,Onchan,,De-registered
176,The Central Hotel,30/09/1998,https://www.gov.im/media/632939/0500176regbldcentralhotel.pdf,Ramsey,,Registered
177,"Erin Brae, Queen's Promenade",12/10/1998,https://www.gov.im/media/632315/0500177regblderinbrae.pdf,Douglas,,Registered
178,St Thomas Church,14/06/1999,https://www.gov.im/media/632321/0500178regbldstthomaschurch.pdf,Douglas,,Registered
179,"Harold Tower, Douglas Head Road",18/09/2000,https://www.gov.im/media/632327/0500179regbldharoldtowerfortanne.pdf,Douglas,,Registered
181,"Old School/House, St Mark's",06/12/2000,https://www.gov.im/media/632585/0500181regbldoldschoolhouse.pdf,Malew,,Registered
182,"St Mark's Church, St Mark's",09/05/2001,https://www.gov.im/media/632591/0500182regbldstmarkschurch.pdf,Malew,,Registered
183,"Bayqueen Hotel, The Promenade",,https://www.gov.im/media/1382477/rb183-de-registration-notice-combined_compressed.pdf,Port St Mary,,De-registered
184,"Church Cottages, St Mark's",09/05/2001,https://www.gov.im/media/632597/0500184regbldchurchcottage.pdf,Malew,,Registered
185,"King William's College, Castletown",06/07/2001,https://www.gov.im/media/631991/0500185regbldkingwilliamscollege.pdf,Castletown,,Registered
186,"Douglas Hotel, North Quay",26/07/2001,https://www.gov.im/media/632333/0500186regblddouglashotel.pdf,Douglas,,Registered
187,"1-12 Victoria Terrace, off Victoria Road",15/08/2001,https://www.gov.im/media/632339/0500187regbld8victoriaterrace.pdf,Douglas,,Registered
188,"All Saints Church, Alexander Drive",15/08/2001,https://www.gov.im/media/632345/0500188regbldallsaintschurchhall.pdf,Douglas,,Registered
189,Close Lake House,15/05/2001,https://www.gov.im/media/631499/0500189regbldcloselake.pdf,Andreas,,Registered
190,"Woodlands, Alexander Drive",31/10/2001,https://www.gov.im/media/632351/0500190regbldwoodlands.pdf,Douglas,,Registered
191,"Ravenscourt, Peel Road",31/10/2001,https://www.gov.im/media/632357/0500191regbldravenscourt.pdf,Douglas,,Registered
192,"Crescent Cinema, Central Promenade",31/10/2001,https://www.gov.im/media/632363/0500192regbldthevenue.pdf,Douglas,,Registered
193,"Old Brewer's House, Castle Hill",31/10/2001,https://www.gov.im/media/632369/0500193regbldcastlehillhouse.pdf,Douglas,,Registered
194,Primitive Methodist Chapel,31/10/2001,https://www.gov.im/media/632825/0500194regbldpeelmethodistchurch.pdf,Peel,,Registered
195,"The National Westminster Bank, Prospect Hill",20/09/2002,https://www.gov.im/media/632375/0500195regbldnationalwestminsterb.pdf,Douglas,,Registered
196,"Jubilee Clock, Victoria Street",20/09/2002,https://www.gov.im/media/632381/0500196regbldjubileeclock.pdf,Douglas,,Registered
197,"St Mary's of the Isle Catholic Church, Hill Street",20/09/2002,https://www.gov.im/media/632387/0500197regbldstmaryschurch.pdf,Douglas,,Registered
198,"The former Isle of Times Office, 9 Athol Street",20/09/2002,https://www.gov.im/media/632393/0500198regbld9atholstreet.pdf,Douglas,,Registered
199,29-31 Athol Street,20/09/2002,https://www.gov.im/media/632399/0500199regbld31atholstreet.pdf,Douglas,,Registered
200,"The Gaiety Theatre, Harris Promenade",24/09/2002,https://www.gov.im/media/632405/0500200regbldgaitytheatre.pdf,Douglas,,Registered
201,"The Queen's Hotel, Queen's Promenade",20/09/2002,https://www.gov.im/media/632411/0500201regbldqueenshotel.pdf,Douglas,,Registered
202,School House (former Parochial or Central School),20/09/2002,https://www.gov.im/media/632633/0500202regbldschoolhouse.pdf,Maughold,,Registered
203,"The Old Sail Loft, Shore Road",20/09/2002,https://www.gov.im/media/632855/0500203regbldtheoldsailloft.pdf,Port St Mary,,Registered
204,St. German's Cathedral,18/10/2002,https://www.gov.im/media/632831/0500204regbldstgermainschurch.pdf,Peel,,Registered
205,"Tower of Refuge, St. Mary's Rock (also known as Conister Rock)",18/10/2002,https://www.gov.im/media/632417/0500205regbldtowerofrefuge.pdf,Douglas,,Registered
206,"May Hill House (formerly Cronk Brae), May Hill",18/10/2002,https://www.gov.im/media/632945/rb-206-may-hill-house-formerly-cronk-brae-may-hill.pdf,Ramsey,,Registered
207,"The Former Wesleyan Chapel, Earystane Village",18/10/2002,https://www.gov.im/media/631523/0500207regbldwesleyanchapel.pdf,Arbory,,Registered
208,The Golden Meadow Mill,18/10/2002,https://www.gov.im/media/631997/0500208regbldoldmill.pdf,Castletown,,Registered
209,Mullinaragher,11/12/2002,https://www.gov.im/media/633023/0500209regbldmullinaragher.pdf,Santon,,Registered
210,4-11 Harris Terrace,13/12/2002,https://www.gov.im/media/632423/0500210regbld411harristerrace.pdf,Douglas,,Registered
211,"Beach Cottage, Ballure Road",27/01/2003,https://www.gov.im/media/632951/0500211regbldbeachcottage.pdf,Ramsey,,Registered
212,"Ballure Cottage, Ballure Road",27/01/2003,https://www.gov.im/media/632957/0500212regbldballurecottage.pdf,Ramsey,,Registered
213,"Raven's Cliff, Fort Anne Road",27/01/2003,https://www.gov.im/media/632429/0500213regbldravenscliff.pdf,Douglas,,Registered
214,The Albert Tower,27/01/2003,https://www.gov.im/media/632963/0500214regbldalberttower.pdf,Ramsey,,Registered
215,"Dunluce, Ballure Road",27/01/2003,https://www.gov.im/media/632969/0500215regblddunluce.pdf,Ramsey,,Registered
216,"Sea Cliffe, Ballure Road",27/01/2003,https://www.gov.im/media/632975/0500216regbldseacliff.pdf,Ramsey,,Registered
217,"Arch Tower House, South Quay",27/01/2003,https://www.gov.im/media/632435/0500217regbldarchtower.pdf,Douglas,,Registered
218,"Riverside Cottage, Bridge Lane",09/05/2003,https://www.gov.im/media/632981/0500218regbldriversidecottage.pdf,Ramsey,,Registered
219,"15 Riverside Cottages, Bridge Lane",09/05/2003,https://www.gov.im/media/632987/0500219regbld15bridgelane.pdf,Ramsey,,Registered
220,"17 Riverside Cottages, Bridge Lane",09/05/2003,https://www.gov.im/media/632993/0500220regbld17bridgelane.pdf,Ramsey,,Registered
221,"Bridge Inn, Bowring Road",09/05/2003,https://www.gov.im/media/632999/0500221regbldbridgeinn.pdf,Ramsey,,Registered
222,"Clucas Laundry Old Engine Room, Chimneys and Sluices, Tromode",13/05/2004,https://www.gov.im/media/632783/0500222regbld-clucas-laundry-old-engine-room-add.pdf,Onchan,,Registered
223,18a-20 Victoria Street,04/11/2005,https://www.gov.im/media/632441/0500223regbld20victoriastreet.pdf,Douglas,,Registered
224,22 & 24 Victoria Street,,https://www.gov.im/media/632447/0500224regbld-22-24-victoria-street-add.pdf,Douglas,,De-registered
225,26 Victoria Street,04/11/2005,https://www.gov.im/media/632453/0500225regbld26victoriastreet.pdf,Douglas,,Registered
226,"Ridgeway House, Ridgeway Street",17/01/2005,https://www.gov.im/media/632459/0500226regbldridgewayhouse.pdf,Douglas,,Registered
227,"Laxey Working Mens Institute, New Road",17/01/2005,https://www.gov.im/media/632537/0500227regbldlaxeyworkingmensinst.pdf,Laxey,,Registered
228,"St Ninian's Church, Ballaquayle Road",22/07/2005,https://www.gov.im/media/632465/0500228regbldstninianschurch.pdf,Douglas,,Registered
230,Buck House Merton Bank,20/12/2005,https://www.gov.im/media/632471/0500230regbldbuckhouse.pdf,Douglas,,Registered
231,37 Athol Street,,https://www.gov.im/media/632477/0500231regbld-37-athol-street-add.pdf,Douglas,,De-registered
234,"Farmhill Manor, Farmhill Lane, IM2 2EF",06/06/2006,https://www.gov.im/media/632483/0500234regbldfarmhillmanor.pdf,Douglas,,Registered
235,"Parville', also known as Parville Place', Ballagawne Road, Ballabeg, IM9 4LF",01/09/2006,https://www.gov.im/media/631529/0500235regbldparville.pdf,Arbory,,Registered
237,"Guard House & Fire Party, 258 Jurby Industrial Estate, IM7 3BD",26/03/2007,https://www.gov.im/media/632507/0500237regbldguardhouseandfirep.pdf,Jurby,,Registered
238,"Jurby Aerodrome Bomb Store, Jurby Industrial Estate",26/03/2007,https://www.gov.im/media/632513/0500238regbldjurbyaerodromebombs.pdf,Jurby,,Registered
239,"Jurby Terminal Building, Jurby Industrial Estate",26/03/2007,https://www.gov.im/media/632519/0500239regbldjurbyterminalbuildin.pdf,Jurby,,Registered
240,"Aeroplane & Seaplane Store, 266 Jurby Industrial Estate",26/03/2007,https://www.gov.im/media/632525/0500240regbldaeroplaneandseaplane.pdf,Jurby,,Registered
242,"Glashen Farmhouse & attached Barn, Ballasalla",22/03/2007,https://www.gov.im/media/632603/0500242regbldfarmhouseandattached.pdf,Malew,,Registered
244,"Former Methodist Church aka Red Cross House, Derby Road. IM2 3EN",13/09/2007,https://www.gov.im/media/632489/0500244regbldredcrosshouse.pdf,Douglas,,Registered
245,"Greystones Cottage, Main Road, Kirk Michael",31/07/2007,https://www.gov.im/media/632663/0500245regbld-greystones-cottage-amended-030420.pdf,Michael,,Registered
246,"Beaconsfield Towers, Jurby Road, Ramsey",31/07/2007,https://www.gov.im/media/633005/0500246regbld-beaconsfield-tower-amd-030420.pdf,Ramsey,,Registered
247,Ballaradcliffe House,,https://www.gov.im/media/1386638/rb-247-notice-of-de-registration-combined_compressed.pdf,Andreas,,De-registered
248,"St Michael's Church aka Kirk Michael and All Angels Church, Main Road",08/05/2009,https://www.gov.im/media/1350855/0700248regbld-st-michaels-church-reduced.pdf,Michael,,Registered
249,"Orrisdale House, Orrisdale, Michael",03/12/2007,https://www.gov.im/media/632675/0500249regbldorrisdalehouse.pdf,Michael,,Registered
250,"The Whitehouse, Main Road, Kirk Michael, IM6 2HH",22/11/2007,https://www.gov.im/media/632681/0500250regbldwhitehouse.pdf,Michael,,Registered
251,"Church View House, Main Road, Kirk Michael",03/12/2007,https://www.gov.im/media/632687/0500251regbldchurchviewhouse.pdf,Michael,,Registered
252,"Spooyt Vane Sunday School, Ballaleigh Road, Kirk Michael",03/12/2007,https://www.gov.im/media/632693/0500252regbldspooytvanesundaysch.pdf,Michael,,Registered
254,Government House,02/05/2018,https://www.gov.im/media/1361444/0700254regbld-pdf-for-website-amended-120220.pdf,Onchan,,Registered
255,"The Old Rectory, Andreas Village",02/05/2009,https://www.gov.im/media/631511/0500255regbldandreasrectory.pdf,Andreas,,Registered
256,"Malew Parish Church, Great Meadow IM9 4EB",08/04/2008,https://www.gov.im/media/1352400/0500256regbld-malew-church-reduced.pdf,Malew,,Registered
257,"Castletown Railway Station, Victoria Road",08/04/2008,https://www.gov.im/media/632003/0500257regbldrailwaystation.pdf,Castletown,,Registered
258,"Old School House, Cronkbourne, Douglas, IM4 4QH",03/02/2009,https://www.gov.im/media/632495/0900258regbldoldschoolhouse.pdf,Douglas,,Registered
259,"Elderbank', The Crofts, IM9 1LW",08/04/2008,https://www.gov.im/media/632009/0500259regbldelderbank.pdf,Castletown,,Registered
260,"Westwood', The Crofts, IM9 1LW",08/04/2008,https://www.gov.im/media/632015/0500260regbldwestwood.pdf,Castletown,,Registered
261,"Crofton', The Crofts, IM9 1LW",08/04/2008,https://www.gov.im/media/632021/0500261regbldcrofton.pdf,Castletown,,Registered
262,Ballawhane Windmill,16/01/2019,https://www.gov.im/media/1364129/rb262-ballawhane-windmill.pdf,Andreas,,Registered
263,"The Banqueting Hall, Ballamoar Farm, Patrick Road, Patrick",19/01/2009,https://www.gov.im/media/632801/0500263regbldformerbanquetinghous.pdf,Patrick,,Registered
264,"Royal British Legion Hall, Janet's Corner",03/03/2009,https://www.gov.im/media/632027/0500264regbldlegionhall.pdf,Castletown,,Registered
266,"Peel Police Station(formerly Peel Court House) Derby Road, Peel, IM5 1HH",20/10/2014,https://www.gov.im/media/1346489/rb266-peel-police-station.pdf,Peel,,Registered
267,"Scarlett House, Castletown,IM9 1TB",18/09/2012,https://www.gov.im/media/1346490/rb267-scarlett-house.pdf,Malew,,Registered
268,"Glyn Moar, Glyn Moar Road, St Johns, IM4 3AQ",18/09/2012,https://www.gov.im/media/1346491/rb268-glyn-moar.pdf,German,,Registered
269,Lorne House,11/11/15,https://www.gov.im/media/1349630/rb269-lorne-house-scan.pdf,Castletown,,Registered
270,Peel Harbour Masters Office,17/02/2017,https://www.gov.im/media/1360605/rb270-registration.pdf,Peel,,Registered
275,Kentraugh House and Estate,29/09/2021,https://www.gov.im/media/1374670/275-kentraugh-house-and-estate.pdf,Rushen,,Registered
278,"Railway Station, Main Road, Santon, IM4 1EH",21/10/2014,https://www.gov.im/media/1346492/rb278-santon-railway-station.pdf,Santon,,Registered
279,"Colby Level Gate Hut, Colby",21/10/2014,https://www.gov.im/media/1346493/rb279-colby-level-gate-hut.pdf,Rushen,,Registered
280,"Ballagawne Gate House, Mount Gawne Road, Colby",21/10/2014,https://www.gov.im/media/1346494/rb280-ballagawne-gate-house.pdf,Rushen,,Registered
281,Port St Mary Railway Station,17/10/18,https://www.gov.im/media/1362026/notice1800281-port-st-mary-railway-station.pdf,Port St Mary,,Registered
282,Port Erin Railway Station,17/10/2018,https://www.gov.im/media/1362025/port-erin-railway.pdf,Port Erin,,Registered
283,"Gatekeepers Hut, Port St Mary",3/03/2017,https://www.gov.im/media/1353280/rb283-rb-notice.pdf,Port St Mary,,Registered
284,Ballasalla Gate House,01/03/2017,https://www.gov.im/media/1360606/rb284-rb-notice.pdf,Malew,,Registered
285,Water Tower Ballasalla,01/03/2017,https://www.gov.im/media/1360607/rb285-rb-notice.pdf,Malew,,Registered
286,Victoria Clock Tower Foxdale,01/02/2017,https://www.gov.im/media/1360608/rb286-notice.pdf,Patrick,,Registered
287,"Groudle Glen Hotel, King Edward Road",15/10/2019,https://www.gov.im/media/1365721/rb287-groudle-glen-hotel-for-website-151019.pdf,Onchan,,Registered
289,Former Newson's Trading Building 27-28 North Quay,13/04/2018,https://www.gov.im/media/1360386/1700289regbld-consultees-registration-notice-160418.pdf,Douglas,,Registered
290,IOM Bank Buildings 2 Athol Street,13/04/2018,https://www.gov.im/media/1360387/1700290regbld-website-detail.pdf,Douglas,,Registered
291,Douglas Horse Tram Stables,13/06/2018,https://www.gov.im/media/1361802/register-entry-summary-horse-tram-stables.pdf,Douglas,,Registered
292,Masonic Lodge,25/06/2018,https://www.gov.im/media/1364130/rb-292-masonic-lodge.pdf,Douglas,,Registered
293,"Former Farmers Combine Warehouse, 33 West Quay, Ramsey",,https://www.gov.im/media/1363509/1900293regbld-de-reg-entry-for-website-151019.pdf,Ramsey,,De-registered
294,"The Mitre Hotel, Kirk Michael",07/04/2021,https://www.gov.im/media/1372564/294-registration-notice-summary-and-map.pdf,Michael,,Registered
295,"Cosy Nook, Shore Road",07/04/2021,https://www.gov.im/media/1372565/295-registration-notice-summary-and-map.pdf,Port Erin,,Registered
296,"Trafalgar House (former Trafalgar Hotel), South Quay",07/04/2021,https://www.gov.im/media/1372563/296-registration-notice-summary-and-map.pdf,Douglas,,Registered
297,Point of Ayre Foghorn,07/07/2021,https://www.gov.im/media/1373614/297-notice-and-entry-summary.pdf,Bride,,Registered
298,Point of Ayre Winkie Lighthouse,07/07/2021,https://www.gov.im/media/1373615/298-notice-and-entry-summary.pdf,Bride,,Registered
299,Nautical Museum,07/07/2021,https://www.gov.im/media/1373616/299-notice-and-entry-summary.pdf,Castletown,,Registered
300,Maughold Lighthouse Tower,07/07/2021,https://www.gov.im/media/1373617/300-notice-and-entry-summary.pdf,Maughold,,Registered
301,Corrins Tower,07/07/2021,https://www.gov.im/media/1373618/301-notice-and-entry-summary.pdf,Patrick,,Registered
302,"Custom House, Crown Street",07/07/2021,https://www.gov.im/media/1373619/302-notice-and-entry-summary.pdf,Peel,,Registered
303,Milner's Tower,22/07/2021,https://www.gov.im/media/1373722/303-milners-tower-notice-and-entry-summary.pdf,Port Erin,,Registered
304,"Lifeboat House, The Quay",07/07/2021,https://www.gov.im/media/1373623/304-notice-and-entry-summary.pdf,Port St Mary,,Registered
305,Range Front (Leading Light) Lighthouse,07/07/2021,https://www.gov.im/media/1373620/305-notice-and-entry-summary.pdf,Port Erin,,Registered
306,"Former Lifeboat House, Breakwater Road",07/07/2021,https://www.gov.im/media/1373621/306-notice-and-entry-summary.pdf,Port Erin,,Registered
307,Harbourmaster's Office and Coal Shed,07/07/2021,https://www.gov.im/media/1373622/307-notice-and-entry-summary.pdf,Port Erin,,Registered
308,Calf of Man Upper Lighthouse,07/07/2021,https://www.gov.im/media/1373624/308-notice-and-entry-summary.pdf,Rushen,,Registered
309,Calf of Man Lower Lighthouse,07/07/2021,https://www.gov.im/media/1373625/309-notice-and-entry-summary.pdf,Rushen,,Registered
310,Chicken Rock Lighthouse,07/07/2021,https://www.gov.im/media/1373626/310-notice-and-entry-summary.pdf,Rushen,,Registered
311,Ballaugh Parish War Memorial,07/07/2021,https://www.gov.im/media/1373629/311-notice-and-entry-summary.pdf,Ballaugh,,Registered
312,"Inkerman Memorial, The Nunnery",07/07/2021,https://www.gov.im/media/1373632/312-notice-and-entry-summary.pdf,Douglas,,Registered
313,Castletown War Memorial,07/07/2021,https://www.gov.im/media/1373630/313-notice-and-entry-summary.pdf,Castletown,,Registered
314,King Williams College War Memorial,07/07/2021,https://www.gov.im/media/1373631/314-notice-and-entry-summary.pdf,Castletown,,Registered
315,Douglas Borough War Memorial,07/07/2021,https://www.gov.im/media/1373633/315-notice-and-entry-summary.pdf,Douglas,,Registered
316,"Goldie -Taubman Memorial, Douglas Head",07/07/2021,https://www.gov.im/media/1373634/316-notice-and-entry-summary.pdf,Douglas,,Registered
317,Douglas Cemetery War Memorial,07/07/2021,https://www.gov.im/media/1373635/317-notice-and-entry-summary.pdf,Douglas,,Registered
318,"National War Memorial, St Johns",07/07/2021,https://www.gov.im/media/1373636/318-notice-and-entry-summary.pdf,German,,Registered
319,"Lezayre Parish War Memorial, Churchtown",07/07/2021,https://www.gov.im/media/1373637/319-notice-and-entry-summary.pdf,Lezayre,,Registered
320,Onchan Parish War Memorial,07/07/2021,https://www.gov.im/media/1373638/320-notice-and-entry-summary.pdf,Onchan,,Registered
321,"Ramsey War Memorial, Memorial Gardens",07/07/2021,https://www.gov.im/media/1373640/321-notice-and-entry-summary.pdf,Ramsey,,Registered
322,"Mona's Queen Memorial, Kallow Point",07/07/2021,https://www.gov.im/media/1373639/322-notice-and-entry-summary.pdf,Port St Mary,,Registered
323,"Santon Parish War Memorial, Church Road",07/07/2021,https://www.gov.im/media/1373641/323-notice-and-entry-summary.pdf,Santon,,Registered
324,"K8 Telephone Kiosk, Summerhill Road",01/09/2021,https://www.gov.im/media/1374318/324-notice-and-entry-summary-dec-21.pdf,Onchan,,Registered
325,"K8 Telephone Kiosk, Hillberry Road",01/09/2021,https://www.gov.im/media/1374319/325-notice-and-entry-summary-dec-21.pdf,Onchan,,Registered
326,"K8 Telephone Kiosk, Memorial Gardens",01/09/2021,https://www.gov.im/media/1374325/326-notice-and-entry-summary-dec-21.pdf,Ramsey,,Registered
327,"Pair of K6 Telephone Kiosks, Drumgold Street",01/09/2021,https://www.gov.im/media/1374316/rb-327-pair-of-k6-telephone-kiosks-drumgold-street.pdf,Douglas,,Registered
328,"K6 Telephone Kiosk, Peel Promenade",01/09/2021,https://www.gov.im/media/1374322/rb-328-k6-telephone-kiosk-peel-promenade.pdf,Peel,,Registered
329,"K6 Telephone Kiosk, Lower Promenade",01/09/2021,https://www.gov.im/media/1374323/rb-329-k6-telephone-kiosk-lower-promenade.pdf,Port Erin,,Registered
330,"K6 Telephone Kiosk, Queens Road",01/09/2021,https://www.gov.im/media/1374324/rb-330-k6-telephone-kiosk-queens-road.pdf,Port St Mary,,Registered
331,"K6 Telephone Kiosk, The Hope",01/09/2021,https://www.gov.im/media/1374320/rb-331-k6-telephone-kiosk-the-hope.pdf,Patrick,,Registered
332,"K6 Telephone Kiosk, Bride Village",01/09/2021,https://www.gov.im/media/1374315/rb-332-k6-telephone-kiosk-bride-village.pdf,Bride,,Registered
333,"K6 Telephone Kiosk, Derbyhaven",01/09/2021,https://www.gov.im/media/1374317/rb-333-k6-telephone-kiosk-derbyhaven.pdf,Malew,,Registered
334,"K6 Telephone Kiosk, Cregneash Village",01/09/2021,https://www.gov.im/media/1374326/rb-334-k6-telephone-kiosk-cregneash-village.pdf,Rushen,,Registered
335,"K6 Telephone Kiosk, Patrick Village",01/09/2021,https://www.gov.im/media/1374321/rb-335-k6-telephone-kiosk-patrick-village.pdf,Patrick,,Registered
336,Ballavarry Farmhouse,29/09/2021,https://www.gov.im/media/1374669/rb336-ballavarry-farmhouse.pdf,Andreas,,Registered
337,Laxey Glen Flour Mills,28/02/2024,https://www.gov.im/media/1382579/337-notice-and-entry-summary-uploaded-050324_compressed.pdf,Laxey,,Registered
338,Ramsey Swing Bridge,28/02/2024,https://www.gov.im/media/1382563/338-notice-and-entry-summary_compressed.pdf,Ramsey,,Registered
339,"Leyton, Victoria Road",28/02/2024,https://pabc.gov.im/media/b4rl0eq1/339-notice-and-entry-summary_compressed.pdf,Douglas,,Registered
340,Legislative Chambers,02/09/2025,https://pabc.gov.im/media/swwddxkv/340-notice-and-entry-summary_compressed.pdf,Douglas,,Registered
341,Royal Chapel and landscaping around Assembly Site,02/09/2025,https://pabc.gov.im/media/uadi12ag/341-notice-and-entry-summary_compressed.pdf,German,,Registered
342,"Moore's Bridge, Laxey",02/09/2025,https://pabc.gov.im/media/qnjnrzxz/342-notice-and-entry-summary_compressed.pdf,Laxey,,Registered
343,Laxey Manx Electric Railway Viaduct,02/09/2025,https://pabc.gov.im/media/cnzfffi3/343-notice-and-entry-summary_compressed.pdf,Laxey,,Registered
344,Former Kirk Michael Railway Station,02/09/2025,https://pabc.gov.im/media/jufpzh1n/344-notice-and-entry-summary_compressed.pdf,Michael,,Registered
345,Monks' Bridge,02/09/2025,https://pabc.gov.im/media/eszhwz3y/345-notice-and-entry-summary_compressed.pdf,Malew,,Registered
346,Ballure Manx Electric Railway Viaduct,02/09/2025,https://pabc.gov.im/media/ba2ldk1n/346-notice-and-entry-summary_compressed.pdf,Maughold,,Registered
347,"Stone Bridge over Sulby River, Bowring Road",02/09/2025,https://pabc.gov.im/media/2ald5iep/347-notice-and-entry-summary_compressed.pdf,Ramsey,,Registered
348,Groudle Viaduct,02/09/2025,https://pabc.gov.im/media/zabm1tx0/348-notice-and-entry-summary_compressed.pdf,Onchan,,Registered
349,Former Peel Railway Station and Water Tower,02/09/2025,https://pabc.gov.im/media/3vzdcjvk/349-notice-and-entry-summary_compressed.pdf,Peel,,Registered
350,Former School of Art,02/09/2025,https://pabc.gov.im/media/0wgcahcb/350-notice-and-entry-summary_compressed.pdf,Douglas,,Registered
351,Douglas Railway Stations Workshops Complex,02/09/2025,https://pabc.gov.im/media/fyidu1hi/351-notice-and-entry-summary_compressed.pdf,Douglas,,Registered
352,Douglas Railway Station Signal Box,02/09/2025,https://pabc.gov.im/media/vkxnsugb/352-notice-and-entry-summary-220925_compressed.pdf,Douglas,,Registered
241/REGBLD1,Pillbox at Field 211025,26/03/2007,https://www.gov.im/media/1348529/rb241-regbld1-pillbox-at-field-211025-jurby.pdf,Jurby,,Registered
241/REGBLD2,"Pillbox at Field 214188, Ballamoar",26/03/2007,https://www.gov.im/media/1348532/rb241-regbld2-pillbox-at-field-214188-jurby.pdf,Jurby,,Registered
241/REGBLD3,"Pillbox at Fields 210249 - 210250 & 210251, adjacent to Church Road",26/03/2007,https://www.gov.im/media/1348535/rb241-regbld3-pillbox-at-field-210249-to-210251-jurby.pdf,Jurby,,Registered
241/REGBLD4,"Pillbox at Fields 210356 & 214288, adjacent to Jurby East Road",26/03/2007,https://www.gov.im/media/1348538/rb241-regbld4-pillbox-at-field-210356-and-214228-jurby.pdf,Jurby,,Registered
241/REGBLD5,"Pillbox at Fields 210846 - 210872 & 210873, adjacent to Ballavarran Road",26/03/2007,https://www.gov.im/media/1348530/rb241-regbld5-pillbox-at-field-210846-210872-3-jurby.pdf,Jurby,,Registered
241/REGBLD6,"Pillbox at Fields 211033 - 214136 & Jurby Aerodrome, Ballamoar",26/03/2007,https://www.gov.im/media/1348533/rb241-regbld6-pillbox-at-field-211033-214136-jurby.pdf,Jurby,,Registered
241/REGBLD7,"Pillbox at Fields 214191 & 214197, adjacent to Church Road",26/03/2007,https://www.gov.im/media/1348536/rb241-regbld7-pillbox-at-field-214194-and-214197-jurby.pdf,Jurby,,Registered
241/REGBLD8,"Pillbox at fields 214201 & 214286, adjacent to Jurby Road, Sandygate",26/03/2007,https://www.gov.im/media/1348539/rb241-regbld8-pillbox-at-field-214201-and-214286-jurby.pdf,Jurby,,Registered
241/REGBLD9,"Pillbox between Studio House & Jurby Aerodrome, Ballavarran Road",26/03/2007,https://www.gov.im/media/1348531/rb241-regbld9-pillbox-between-studio-house-and-aerodrome-jurby.pdf,Jurby,,Registered
