"osm_id","osm_type","osm_url","lat","lon","name","name:en","name:gv","amenity","addr:housenumber","addr:housename","addr:street","addr:locality","addr:place","addr:city","addr:postcode","addr:country","website","phone"
"283491272","node","https://osm.org/node/283491272","54.153792","-4.478537","Quids Inn","","","pub","","Falcon Hotel","Loch Promenade","","","Douglas","","IM","",""
"283495156","node","https://osm.org/node/283495156","54.106243","-4.638587","Silverdale Café and Restaurant","","","cafe","","The Cregg Mill","","","Silverdale","Ballasalla","IM9 3DS","","",""
"283500412","node","https://osm.org/node/283500412","54.226795","-4.392324","La Mona Lisa","","","restaurant","","","Glen Road","","","","","IM","https://www.lamonalisa.im","+44 1624 862488"
"283504569","node","https://osm.org/node/283504569","54.150165","-4.50592","The Pinewood","","","pub","","","","","","","","","",""
"452662085","node","https://osm.org/node/452662085","54.149926","-4.480248","Cafe Delight","","","cafe","","","Prospect Hill","","","Douglas","","","https://www.cafedelight.co.uk/","+44 1624 660557"
"453442522","node","https://osm.org/node/453442522","54.232023","-4.405227","Laxey Station Cafe","","","cafe","","","","","","","","","",""
"455297140","node","https://osm.org/node/455297140","54.170591","-4.639548","The Baltic Inn","","","pub","","","","","","","","","",""
"455458441","node","https://osm.org/node/455458441","54.148748","-4.481102","Rover's Return","","","pub","11","","Church Street","","","Douglas","IM1 2AG","IM","https://www.bushys.com/the-rovers-return/",""
"455677527","node","https://osm.org/node/455677527","54.167258","-4.452452","Port Jack Chippy","","","restaurant","","","","","","","","","",""
"455952594","node","https://osm.org/node/455952594","54.150296","-4.47766","JAR Bar","","","bar","12","","Loch Promenade","","","","","IM","http://www.admiralhouse.com/jar-bar-grill/",""
"455952596","node","https://osm.org/node/455952596","54.148921","-4.475556","Pizza Hut Delivery","","","fast_food","","","","","","","","","",""
"455952597","node","https://osm.org/node/455952597","54.148902","-4.475448","La Piazza","","","restaurant","","","Loch Promenade","","","","","IM","https://www.lapiazza.co.im/",""
"455952598","node","https://osm.org/node/455952598","54.148874","-4.475331","Bordello's","","","bar","6/7","Peveril Building","Loch Promenade","","","","","IM","http://www.bordellowinebar.co.uk",""
"456430223","node","https://osm.org/node/456430223","54.166583","-4.464157","Chillies","","","restaurant","1 South View","","Queens Promenade","","","","","IM","",""
"456430224","node","https://osm.org/node/456430224","54.166583","-4.464074","Pizza King","","","fast_food","","South View","Queens Promenade","","","Douglas","","IM","http://www.pizzakingiom.co.uk","+44 1624 660166"
"457251821","node","https://osm.org/node/457251821","54.164387","-4.479076","Noble's Park Café","","","cafe","","","","","","","","","",""
"473176891","node","https://osm.org/node/473176891","54.150085","-4.478171","The Alpine","","","cafe","5","","Regent Street","","","Douglas","","IM","http://www.harbourguides.com/thealpine","+44 1624 619249"
"478680059","node","https://osm.org/node/478680059","54.161374","-4.474905","HQ Bar","","","restaurant","1","","Empire Terrace","","","","","IM","https://www.hqbar.im/",""
"478926156","node","https://osm.org/node/478926156","54.158295","-4.479164","Home Run Pizza","","","fast_food","","","Broadway","","","Douglas","","IM","http://www.homerunpizza.co.uk","+44 1624 611621"
"497360275","node","https://osm.org/node/497360275","54.227516","-4.69776","Peel Breakwater Kiosk","","","cafe","","","","","","","","","",""
"505512377","node","https://osm.org/node/505512377","54.157875","-4.478294","Flavours Indian Cuisine","","","restaurant","1","Broadway Apartments","Broadway","","","Douglas","IM2 4EN","IM","https://www.facebook.com/flavoursIndiancuisinebroadway/","+44 1624 665599"
"505512397","node","https://osm.org/node/505512397","54.157823","-4.477011","Taste of India","","","restaurant","1","","Central Promenade","","","Douglas","","IM","http://www.tasteofindiaiom.com",""
"505512407","node","https://osm.org/node/505512407","54.07746","-4.739544","Andrea's","","","restaurant","","Points of Call","Bay View Road","","","","","IM","","01624 834040"
"505528511","node","https://osm.org/node/505528511","54.320327","-4.444268","Café Rosa","","","cafe","","","Lezayre Road","","","Glenduff","","IM","https://www.caferosa.net/",""
"549539677","node","https://osm.org/node/549539677","54.222812","-4.691643","Anatolia","","","fast_food","","","","","","","","","","+441624840888"
"549539702","node","https://osm.org/node/549539702","54.223878","-4.692654","Roots by the Sea","","","cafe","26","","Shore Road","","","Peel","","","https://www.rootsbythesea.co.uk/","+447624234221"
"549539743","node","https://osm.org/node/549539743","54.208531","-4.635231","The Cat That","","","cafe","","","","","","","","","",""
"549539745","node","https://osm.org/node/549539745","54.208136","-4.634523","Neb Cafe","","","cafe","","","","","","","","","",""
"685338705","node","https://osm.org/node/685338705","54.155503","-4.484865","Terrace Chippy","","","fast_food","26","","Woodbourne Road","","","Douglas","IM1 3AL","IM","https://terracechippy.com",""
"685338715","node","https://osm.org/node/685338715","54.155171","-4.484702","Little Panda Takeaway","","","restaurant","14","","Woodbourne Road","","","Douglas","IM1 3AL","IM","",""
"685338717","node","https://osm.org/node/685338717","54.155114","-4.484676","Masala Zone","","","restaurant","12","","Woodbourne Road","","","Douglas","IM1 3AL","IM","",""
"685338721","node","https://osm.org/node/685338721","54.155558","-4.484893","Terrace Chippy Diner","","","restaurant","28","","Woodbourne Road","","","Douglas","IM1 3AL","IM","https://terracechippy.com",""
"727476126","node","https://osm.org/node/727476126","54.148907","-4.47863","The Eatery","","","cafe","20a","","Duke Street","","","","IM1 2AY","IM","",""
"727751260","node","https://osm.org/node/727751260","54.150091","-4.478072","Malabar","","","restaurant","7","","Regent Street","","","Douglas","","IM","",""
"734998863","node","https://osm.org/node/734998863","54.149658","-4.476131","Snack Shack","","","cafe","","","","","","","","","",""
"774072369","node","https://osm.org/node/774072369","54.15306","-4.479265","The Fig & Olive","","","restaurant","13-15","","Castle Street","","","","","IM","",""
"774073923","node","https://osm.org/node/774073923","54.150816","-4.479028","Waterstone Coffee","","","cafe","","","","","","","","","",""
"846243994","node","https://osm.org/node/846243994","54.161302","-4.475081","Conservatory Restaurant","","","restaurant","","Welbeck Hotel","Mona Drive","","","Douglas","","IM","http://www.welbeckhotel.com/restaurant.html","+44 1624 675663"
"916257505","node","https://osm.org/node/916257505","54.170687","-4.445902","Gandhi Restaurant","","","restaurant","59","","King Edward Road","","","Onchan","IM3 2AR","","https://gandhiiom.com/","1624 677774"
"936625322","node","https://osm.org/node/936625322","54.148026","-4.478993","Santander Work Café","","","cafe","1","Market Hall","Market Hill","","","Douglas","IM1 2BQ","","https://www.workcafe.im","+44 8000 84 28 88"
"937630387","node","https://osm.org/node/937630387","54.151975","-4.535615","Cafe Eden","","","cafe","","","","","","","","","",""
"939413216","node","https://osm.org/node/939413216","54.155649","-4.478281","Frank Matcham's","","","restaurant","","","Harris Promenade","","Villa Marina Arcade","Douglas","IM1 2NH","IM","https://matchams.im/",""
"939415403","node","https://osm.org/node/939415403","54.155423","-4.478399","Davisons","","","cafe","","","Harris Promenade","","","","","IM","",""
"942516656","node","https://osm.org/node/942516656","54.161287","-4.473502","Haneffe's Bar And Grill","","","restaurant","","","","","","","","","",""
"942516662","node","https://osm.org/node/942516662","54.159383","-4.475615","Aroma","","","cafe","","","","","","","","","",""
"942523832","node","https://osm.org/node/942523832","54.155391","-4.478662","Hemingways/La Parilla","","","restaurant","","","","","","","","","https://www.parrilla.im/","+44 (0)1624 670578"
"943669796","node","https://osm.org/node/943669796","54.154945","-4.478668","Sir Norman's","","","bar","","","","","","","","","http://www.sirnormans.com/#eat-together",""
"943742952","node","https://osm.org/node/943742952","54.157823","-4.477112","Marmaris","","","fast_food","","","","","","","","","https://www.marmarisiom.com/","+441624671995"
"943742958","node","https://osm.org/node/943742958","54.158006","-4.477328","The Boathouse","","","cafe","4-6","","Castle Mona Avenue","","","Douglas","","IM","",""
"943742963","node","https://osm.org/node/943742963","54.157842","-4.477177","Pizza Pizza","","","fast_food","","","","","","","","","",""
"943822599","node","https://osm.org/node/943822599","54.149312","-4.477585","Tacoma Bar and Kitchen","","","restaurant","6","","Victoria Street","","","Douglas","IM1 2LH","","https://www.tacoma.co.im/","+44 1624 649329"
"944189615","node","https://osm.org/node/944189615","54.150471","-4.478036","JAR","","","restaurant","","","","","","","","","http://www.jar.co.im/",""
"944207680","node","https://osm.org/node/944207680","54.174812","-4.437659","Ciapelli's","","","restaurant","","","","","","","","","http://ciappellis.com/","+44 1624 677442"
"948933232","node","https://osm.org/node/948933232","54.152319","-4.478392","Kiki Lounge","","","bar","","","","","","","","","https://www.kikis.im/","+447624324774"
"1069288758","node","https://osm.org/node/1069288758","54.161141","-4.481973","Tuck Inn","","","cafe","","","","","","","","","",""
"1069323499","node","https://osm.org/node/1069323499","54.159853","-4.481774","Magic Wok","","","fast_food","","","","","","","","","",""
"1194125958","node","https://osm.org/node/1194125958","54.087089","-4.633882","","","","cafe","","","","","","","","","",""
"1198251769","node","https://osm.org/node/1198251769","54.069336","-4.73713","Pavilion Restaurant","","","restaurant","","","Kallow Point Road","","","Port Saint Mary","IM9 5EJ","IM","https://psmpavilion.im",""
"1207122004","node","https://osm.org/node/1207122004","54.162544","-4.471516","Paragon","","","restaurant","","","","","","","","","https://palacehotel.co.im/paragon-restaurant/","+44 1624 662662"
"1207352796","node","https://osm.org/node/1207352796","54.154772","-4.478748","The Gallery","","","restaurant","","","","","","","","","",""
"1209652398","node","https://osm.org/node/1209652398","54.154236","-4.480767","The Bay Room","","","restaurant","","","","","","","","","https://www.gov.im/mnh/heritage/restaurants/","01624 612211"
"1774078098","node","https://osm.org/node/1774078098","54.319775","-4.381798","","","","pub","","","","","","","","","",""
"2185578331","node","https://osm.org/node/2185578331","54.326111","-4.384206","","","","cafe","","","","","","","","","",""
"2737881166","node","https://osm.org/node/2737881166","54.168719","-4.522235","Railway Inn","","","pub","","","Union Mills Main Road","","","Union Mills","","IM","",""
"2935283908","node","https://osm.org/node/2935283908","54.32183","-4.380985","Cooil Bar","","","bar","","","","","","","","","",""
"4144258842","node","https://osm.org/node/4144258842","54.147853","-4.485303","","","","cafe","","","","","","","","","",""
"4154384287","node","https://osm.org/node/4154384287","54.085203","-4.757201","The Whistlestop Coffee Shop","","","cafe","","","","","","","","","",""
"4172726236","node","https://osm.org/node/4172726236","54.153522","-4.478683","The Atrium Cafe","","","cafe","","","","","","","","","",""
"4200367949","node","https://osm.org/node/4200367949","54.148376","-4.473731","Costa","","","cafe","","","","","","","","","",""
"4441167258","node","https://osm.org/node/4441167258","54.172893","-4.505451","Thie Bee","","","cafe","","","","","","","","","",""
"4585539957","node","https://osm.org/node/4585539957","54.073367","-4.653917","CoffeeCraft, Castletown","","","cafe","","","","","","","","","",""
"4770205299","node","https://osm.org/node/4770205299","54.147536","-4.484474","Hooded Ram","","","pub","","","North Quay","","","Douglas","IM1 1JE","","http://www.hoodedram.com/the-bars/douglas-isle-of-man/","+44 1624 613036"
"4969122524","node","https://osm.org/node/4969122524","54.32132","-4.381638","Chingan","","","restaurant","","","Court Row","","","Ramsey","IM8 1JS","","http://chinganskitchen.com",""
"5159244165","node","https://osm.org/node/5159244165","54.083975","-4.763263","La Gusto Pizza","","","restaurant","","","Shore Road","","","Port Erin","IM9 6HL","","","+44 1624 834834"
"5161120724","node","https://osm.org/node/5161120724","54.166558","-4.464145","Kurries and Steaks","","","restaurant","","","Queens Promenade","","","Douglas","IM2 4NP","","http://www.kurriesandsteaks.com/","+44 1624 613811"
"5162989593","node","https://osm.org/node/5162989593","54.147663","-4.484593","Gali Kitchen","","","restaurant","","","Bank Hill","","","Douglas","IM1 1JE","","http://www.galikitchen.co.uk/","+44 1624 613036"
"5162998754","node","https://osm.org/node/5162998754","54.147604","-4.484598","Mrs Yang's Restaurant","","","restaurant","","","Bank Hill","","","Douglas","IM1 4QF","","http://www.mrsyangs.co.uk/","+44 1624 886886"
"5169005099","node","https://osm.org/node/5169005099","54.17534","-4.45616","New Cod on the Block","","","fast_food","","","","","","","","","",""
"5448647413","node","https://osm.org/node/5448647413","54.222717","-4.693906","Duncan's Diner","","","cafe","20/22","","Michael Street","","","Peel","IM5 1HB","","",""
"6609128010","node","https://osm.org/node/6609128010","54.223064","-4.69747","The Boatyard Restaurant","","","restaurant","","The Boatyard Restaurant","East Quay","","","Peel","","IM","https://theboatyardpeel.com/","+44 1624 845470"
"8215111483","node","https://osm.org/node/8215111483","54.16553","-4.478727","Talk of the Town","","","restaurant","","Noble's Park Pavilion","","","Noble's Park","Douglas","IM2 4BD","","https://talkofthetown.im/","+44 1624 670430"
"8980761353","node","https://osm.org/node/8980761353","54.141658","-4.539032","","","","cafe","","","","","","","","","",""
"9952891796","node","https://osm.org/node/9952891796","54.183667","-4.566862","Costa","","","cafe","","","","","Crosby Meadows","Crosby","IM4 2EE","","",""
"10017458753","node","https://osm.org/node/10017458753","54.147893","-4.503105","Green Island Coffee","","","cafe","","","","","Middle River Industrial Estate","Douglas","IM2 1AL","","","+44 7624 234223"
"10048314336","node","https://osm.org/node/10048314336","54.153858","-4.478798","Tea Evolution","","","cafe","","","","","","","","","https://teaevolution-im.stackstaging.com/","+447624225995"
"10048314648","node","https://osm.org/node/10048314648","54.320194","-4.38159","The Fynoderee Distillery","","","bar","","","Parsonage Road","","","Ramsey","IM8 2EE","","https://fynoderee.com/","+441624812756"
"10048354001","node","https://osm.org/node/10048354001","54.086772","-4.75605","Simple Chargrill and Pizza","","","fast_food","","","","","","","","","https://simple.touchtakeaway.net/menu","+447624330330"
"10048694530","node","https://osm.org/node/10048694530","54.136678","-4.55829","The Forge","","","restaurant","","","","","","","","","https://www.theforge.im/","+441624610031"
"10049608805","node","https://osm.org/node/10049608805","54.149347","-4.477732","Victoria Grill","","","fast_food","","","","","","","","","https://victoriagrillperiperichickendouglas.com/","+441624629560"
"10049617007","node","https://osm.org/node/10049617007","54.151884","-4.478325","Yankees","","","restaurant","","","","","","","","","","+441624 674824"
"10049625877","node","https://osm.org/node/10049625877","54.149382","-4.478073","Freshly Squeezed","","","cafe","","","","","","","","","https://freshlysqueezed.im/","+441624613585"
"10049641174","node","https://osm.org/node/10049641174","54.149623","-4.48086","Street Kitchen","","","restaurant","","","","","","","","","","+447624304904"
"10132078264","node","https://osm.org/node/10132078264","54.166925","-4.451276","Ocean Cafe","","","cafe","","","","","","","","","",""
"10134769069","node","https://osm.org/node/10134769069","54.148683","-4.481042","Manx Cat Cafe","","","cafe","6","","Church Street","","","Douglas","IM1 2AG","IM","https://www.manxcatcafe.co.uk/","07624 292122"
"10134773760","node","https://osm.org/node/10134773760","54.148575","-4.481052","Breizh Vannin Crêperie","","","restaurant","","","","","","","","","","+447624454414"
"10289485880","node","https://osm.org/node/10289485880","54.152571","-4.481133","Coffee Corner","","","cafe","37","","Finch Road","","","Douglas","IM1 2PR","IM","",""
"10295227844","node","https://osm.org/node/10295227844","54.086576","-4.633861","Costa","","","cafe","","","","","","","","","",""
"10598643197","node","https://osm.org/node/10598643197","54.320632","-4.380698","Silver Star Chinese Takeaway","","","restaurant","1","","Waterloo Road","","","Ramsey","","IM","",""
"10599130563","node","https://osm.org/node/10599130563","54.328188","-4.383943","Lakeview","","","restaurant","","","","","","","","","",""
"10618502535","node","https://osm.org/node/10618502535","54.14939","-4.48162","The Courthouse","","","bar","","The Old Courthouse","Athol Street","","","Douglas","IM1 1LD","IM","http://www.the-courthouse.com",""
"10620013850","node","https://osm.org/node/10620013850","54.150811","-4.48371","Blue Cafe","","","cafe","","","","","","","","","",""
"10620013853","node","https://osm.org/node/10620013853","54.150732","-4.483908","Thai Thai","","","restaurant","","Capital House","Circular Road","","","Douglas","IM1 1AG","","https://www.thai-thai.uk",""
"10681892881","node","https://osm.org/node/10681892881","54.321541","-4.37803","The Mixing Bowl Diner","","","restaurant","","Energy FM Bowl","Queens Promenade","","","Ramsey","IM8 1ET","IM","https://energyfmbowl.co.uk/the-mixing-bowl/","+441624812444"
"10724496951","node","https://osm.org/node/10724496951","54.084604","-4.765317","Foraging Vintners","","","bar","","The Old Coal Shed","Breakwater Road","","","Port Erin","IM9 6JA","","https://www.foragingvintners.com",""
"10769443232","node","https://osm.org/node/10769443232","54.319795","-4.404083","","","","cafe","","","","","","","","","",""
"10829691491","node","https://osm.org/node/10829691491","54.320868","-4.379648","Ramsey Peri Peri","","","restaurant","","","","","Saint Paul's Square","Ramsey","","IM","",""
"10877834594","node","https://osm.org/node/10877834594","54.174331","-4.509552","Greenfield Park cafe","","","cafe","","","","","","","","","",""
"10889622603","node","https://osm.org/node/10889622603","54.167182","-4.461962","Chinatown","","","restaurant","7/8","","Strathallan Crescent","","","Douglas","IM2 4NR","IM","http://www.chinatown-iom.com",""
"10946924724","node","https://osm.org/node/10946924724","54.154015","-4.478928","Cafe Buzz","","","cafe","5","","Marina Road","","","Douglas","","IM","",""
"10991935211","node","https://osm.org/node/10991935211","54.147931","-4.47897","Noa","","","cafe","","","","","","","","","",""
"10992195968","node","https://osm.org/node/10992195968","54.148469","-4.475113","Noa Bakehouse","","","cafe","","Peveril Buildings","Peveril Square","","","Douglas","IM1 2BS","IM","https://noa.im",""
"11126166850","node","https://osm.org/node/11126166850","54.231429","-4.409195","Laxey Glen Cafe","","","restaurant","","","","","","","","","",""
"11167151447","node","https://osm.org/node/11167151447","54.085377","-4.755936","Cafe Red","","","cafe","37","","Station Road","","","Port Erin","","","",""
"11182101772","node","https://osm.org/node/11182101772","54.158253","-4.479098","Titan","","","restaurant","42","","Broadway","","","Douglas","IM2 4EW","IM","https://titanbroadway.com",""
"11208072343","node","https://osm.org/node/11208072343","54.16974","-4.455937","Ocean Views","","","restaurant","","","Onchan Pleasure Park","","","Onchan","IM3 1HU","","https://oceanviews.im",""
"11208072344","node","https://osm.org/node/11208072344","54.169701","-4.456178","Velo Cafe","","","cafe","","","Onchan Pleasure Park","","","Onchan","IM3 1HU","","https://velo.im",""
"11237032301","node","https://osm.org/node/11237032301","54.085388","-4.757828","Versa","","","restaurant","15a","","Station Road","","","Port Erin","IM9 6AN","IM","",""
"11261590904","node","https://osm.org/node/11261590904","54.174191","-4.455275","Arty Barista","","","cafe","","","","","","","","","",""
"11261590911","node","https://osm.org/node/11261590911","54.17458","-4.454845","Pizza Bella","","","restaurant","33","Elm Tree House","Onchan Main Road","","","Onchan","","IM","",""
"11360381821","node","https://osm.org/node/11360381821","54.07334","-4.653888","Just Jenny's Cakes & Coffee","","","cafe","","The Square","Market Square","","","Castletown","","IM","",""
"11698003301","node","https://osm.org/node/11698003301","54.161906","-4.472473","Neos","","","restaurant","","","Central Promenade","","","Castletown","","IM","",""
"11698003303","node","https://osm.org/node/11698003303","54.161848","-4.472554","Mojo's Fish and Chip Shop","","","fast_food","","","Central Promenade","","","Castletown","","IM","",""
"11769042155","node","https://osm.org/node/11769042155","54.162748","-4.471248","Majestic","","","restaurant","","","Central Promenade","","","Douglas","IM2 4NA","IM","https://palacehotel.co.im/majestic/",""
"38300992","way","https://osm.org/way/38300992","","","The Abbey","","","restaurant","","","Abbey Road","","","Ballasalla","IM9 3DB","IM","https://www.theabbey.im/","+441624822393"
"38962201","way","https://osm.org/way/38962201","","","","","","cafe","","","","","","","","","",""
"59287722","way","https://osm.org/way/59287722","","","McDonald's","","","fast_food","","","Peel Road","","","Douglas","IM1 5ED","IM","https://www.mcdonalds.com/gb/en-gb/location/douglas/isle-of-man/peel-road/8260816.html",""
"59400622","way","https://osm.org/way/59400622","","","Cregneash Cafe","Cregneash Cafe","","cafe","","Creg-y-Shee","","","Cregneash","","IM9 5PX","IM","https://thesound.im/cregneash-cafe/",""
"59523528","way","https://osm.org/way/59523528","","","The Forge","","","restaurant","","","","","","Santon","IM4 1JE","","https://www.theforge.im","+44 1624 610031"
"59523618","way","https://osm.org/way/59523618","","","Lucky House","","","restaurant","","","","","Isle of Man Business Park","Douglas","IM2 2SP","","",""
"59523619","way","https://osm.org/way/59523619","","","Horse and Plough","","","pub","","","","","Isle of Man Business Park","Douglas","IM2 2QZ","IM","https://pubsandbars.im/venue/horse-plough/",""
"59540949","way","https://osm.org/way/59540949","","","Café Bar Two-Six","","","restaurant","","The Old Clubhouse","Airport Road","","","Derbyhaven","IM9 1TU","IM","http://www.manxflyersaeroclub.com",""
"59700887","way","https://osm.org/way/59700887","","","Marine Hotel","","","pub","","","Shore Road","","","Peel","IM5 1AH","IM","https://the-marine-hotel.business.site",""
"60003741","way","https://osm.org/way/60003741","","","Bay Green","","","restaurant","","","","","","","","","https://castletowngolflinks.com/bay-green-restaurant/",""
"60007292","way","https://osm.org/way/60007292","","","The Haven","","","pub","","","Station Road","","","Port Erin","IM9 6AB","","https://pubsandbars.im/venue/the-haven/",""
"60048738","way","https://osm.org/way/60048738","","","The Station Hotel","","","pub","","","Station Road","","","Port Erin","IM9 6AE","IM","https://pubsandbars.im/venue/the-station/",""
"60048739","way","https://osm.org/way/60048739","","","Port Erin Chippy & Diner","","","fast_food","","","Station Road","","","Port Erin","IM9 6AE","IM","",""
"60048757","way","https://osm.org/way/60048757","","","The Falcons Nest Hotel","","","pub","","","Station Road","","","Port Erin","IM9 6AF","IM","https://www.thenest.im","+44 1624 834077"
"60582648","way","https://osm.org/way/60582648","","","The Sidings","","","pub","","The Sidings","Station Road","","","Castletown","IM9 1EF","IM","http://www.thesidings.im/",""
"60582687","way","https://osm.org/way/60582687","","","The Viking","","","pub","","The Viking","Station Road","","","Castletown","IM9 1EF","IM","",""
"60675006","way","https://osm.org/way/60675006","","","Downtown","","","cafe","","","","","","","","","",""
"60675022","way","https://osm.org/way/60675022","","","Paparazzi Pizza","","","restaurant","26/27","","Loch Promenade","","","Douglas","IM1 2LY","IM","https://paparazzidouglas.co.uk",""
"60757131","way","https://osm.org/way/60757131","","","Castle Arms","","","pub","","","The Quay","","","Castletown","IM9 1LD","IM","https://pubsandbars.im/venue/castle-arms/",""
"60928923","way","https://osm.org/way/60928923","","","Naadu","","","restaurant","7-17","","Wellington Street","","","Douglas","IM1 2AS","IM","",""
"61649820","way","https://osm.org/way/61649820","","","Costa","","","cafe","","","","","","","","","",""
"62091776","way","https://osm.org/way/62091776","","","Shake Lounge","","","cafe","","","","","","","","","",""
"62118200","way","https://osm.org/way/62118200","","","The Caff","","","cafe","","","","","","","","","","+44 1624 614214"
"62226371","way","https://osm.org/way/62226371","","","New Hong Kong","","","fast_food","","","","","","","","","",""
"62226372","way","https://osm.org/way/62226372","","","Sam Webbs","","","pub","","","Marina Road","","","Douglas","IM1 2HF","","https://pubsandbars.im/venue/sam-webbs/",""
"62241459","way","https://osm.org/way/62241459","","","","","","restaurant","6","","Woodbourne Road","","","Douglas","IM1 3AL","","https://www.pizzanapoli.im",""
"62390312","way","https://osm.org/way/62390312","","","Shore Hotel","","","pub","","","Shore Road","Gansey","","Port St Mary","IM9 5LZ","","https://www.theshoregansey.com","+44 1624 832269"
"62393619","way","https://osm.org/way/62393619","","","Niarbyl Cafe","","","cafe","","","","","","","","","https://manxnationalheritage.im/our-sites/niarbyl-cafe-dalby/",""
"67761910","way","https://osm.org/way/67761910","","","The Whitestone","","","pub","","","Station Road","","","Ballasalla","IM9 2DD","IM","https://pubsandbars.im/venue/the-whitestone/",""
"77818835","way","https://osm.org/way/77818835","","","The Queens","","","pub","","","Queens Promenade","","","Douglas","IM2 4NL","IM","https://pubsandbars.im/venue/the-queens/","01624 674438"
"78189884","way","https://osm.org/way/78189884","","","The Hawthorn","","","restaurant","","","Peel Road","","","Greeba","","IM","https://www.thehawthorn.co.uk/","+44 1624 801268"
"79141601","way","https://osm.org/way/79141601","","","The Prospect Hotel","","","pub","","","Prospect Hill","","","Douglas","IM1 1ET","IM","https://pubsandbars.im/venue/the-prospect/",""
"79141643","way","https://osm.org/way/79141643","","","14North","","","restaurant","14","","North Quay","","","","","IM","https://14north.im/","+44 1624 664414"
"79141651","way","https://osm.org/way/79141651","","","The Bridge","","","pub","8-9","","North Quay","","","Douglas","IM1 4LQ","","https://pubsandbars.im/venue/the-bridge/",""
"79143093","way","https://osm.org/way/79143093","","","The British","","","pub","","","North Quay","","","Douglas","IM1 4LB","IM","https://pubsandbars.im/venue/the-british-embassy-room/",""
"79143098","way","https://osm.org/way/79143098","","","The Saddle Inn","","","pub","","","Queen Street","","","Douglas","IM1 1LH","","https://pubsandbars.im/venue/the-saddle/",""
"79143112","way","https://osm.org/way/79143112","","","Little Fish Cafe","","","cafe","31","","North Quay","","","Douglas","","IM","https://www.littlefishcafe.com",""
"79143121","way","https://osm.org/way/79143121","","","The Outback","","","pub","","","","","","","","","",""
"79143392","way","https://osm.org/way/79143392","","","Isola","","","restaurant","7","","John Street","","","Douglas","","IM","",""
"79191032","way","https://osm.org/way/79191032","","","The Manor","","","pub","","","School Road","","","Douglas","IM2 6PQ","","https://pubsandbars.im/venue/the-manor/",""
"79212621","way","https://osm.org/way/79212621","","","The Cat With No Tail","","","pub","","","Hailwood Avenue","","","Douglas","IM2 7EA","","https://pubsandbars.im/venue/cat-with-no-tail/",""
"79372990","way","https://osm.org/way/79372990","","","The Quarterbridge","","","pub","","","","","","","","","",""
"79396808","way","https://osm.org/way/79396808","","","Cosy Nook Cafe","","","cafe","","","The Promenade","","","Port Erin","IM9 6HH","","","+44 1624 835020"
"79398105","way","https://osm.org/way/79398105","","","Mandarin","","","fast_food","26","","Church Road","","","Port Erin","IM9 6AQ","IM","","+44 1624 835555"
"80249697","way","https://osm.org/way/80249697","","","Cafe Laare","","","cafe","1","","Lord Street","","","Douglas","","IM","https://www.sch.im/Youth/IOMYOUTH/Laare.html",""
"80249705","way","https://osm.org/way/80249705","","","The Albert","","","pub","","","","","","","","","",""
"80822384","way","https://osm.org/way/80822384","","","Four Seasons","","","restaurant","","","","","","","","","",""
"80984687","way","https://osm.org/way/80984687","","","Oscar's","","","bar","28","","Victoria Street","","","Douglas","IM1 2LE","","https://pubsandbars.im/venue/oscars/",""
"80984768","way","https://osm.org/way/80984768","","","The Bohemian Coffee Shop","","","cafe","26","","Victoria Street","","","Douglas","IM1 2LE","IM","",""
"81446764","way","https://osm.org/way/81446764","","","Hot Wok","","","fast_food","2","","Granville Street","","","Douglas","IM1 2ES","","","+44 1624 677018"
"81446777","way","https://osm.org/way/81446777","","","Coast","","","restaurant","","","","","","","","","https://www.sleepwellhotels.com/hotels/isle_of_man/claremont/restaurant.htm","+44 1624 698888"
"82564017","way","https://osm.org/way/82564017","","","Taj Mahal","","","restaurant","3","","Esplanade Lane","","","Douglas","","IM","http://www.thetaj.co.im",""
"82614390","way","https://osm.org/way/82614390","","","The Islander Chippy","","","fast_food","82","","Bucks Road","","","Douglas","IM1 3AG","IM","",""
"82614425","way","https://osm.org/way/82614425","","","Froth Coffee Shop","","","restaurant","62","","Bucks Road","","","Douglas","","IM","","+44 1624 612883"
"87988780","way","https://osm.org/way/87988780","","","Calf Sound Cafe","","","cafe","","","Sound Road","","","Port Erin","IM9 5PZ","","https://thesound.im","+44 1624 838123"
"92112419","way","https://osm.org/way/92112419","","","Ard Jerkyll","","","cafe","","","","","","","IM4 3HL","","https://www.manxspca.com",""
"99620577","way","https://osm.org/way/99620577","","","Lakeside Café","","","cafe","","","","","","","","","",""
"100018176","way","https://osm.org/way/100018176","","","George Hotel","","","pub","","","The Parade","","","Castletown","IM9 1LG","","https://www.thegeorge.im",""
"100054341","way","https://osm.org/way/100054341","","","The Union","","","pub","","","Arbory Street","","","Castletown","IM9 1LH","","https://pubsandbars.im/venue/the-union/",""
"100443843","way","https://osm.org/way/100443843","","","The Garrison","","","pub","5","","Castle Street","","","","","IM","",""
"100464827","way","https://osm.org/way/100464827","","","Kizuna","","","restaurant","","Harbour Mews","Parliament Square","","","Castletown","","IM","",""
"100789408","way","https://osm.org/way/100789408","","","I ♥ Kebabs","","","fast_food","","","","","","","","","",""
"101418449","way","https://osm.org/way/101418449","","","The Railway Station","","","pub","","","Station Road","","","Port Saint Mary","IM9 5LF","IM","",""
"101520494","way","https://osm.org/way/101520494","","","Southern Asia Chinese","","","fast_food","","","","","","","","","","+44 1624 836516"
"101784669","way","https://osm.org/way/101784669","","","Albert Hotel","Albert Hotel","Yn Çhenn Lhong","pub","","Albert Hotel","Athol Street","","","Port Saint Mary","","IM","",""
"101799789","way","https://osm.org/way/101799789","","","Fresh Fried & Crispy","","","fast_food","","Beacon View","Station Road","","","Port St Mary","","IM","https://freshfriedandcrispy.im","+44 7624 200586"
"101812267","way","https://osm.org/way/101812267","","","Good Luck","","","fast_food","","Laureston House","Bay View Road","","","Port Saint Mary","","IM","","+441624836211"
"101812295","way","https://osm.org/way/101812295","","","Corner House Coffee","","","cafe","","","","","","","","","",""
"101812309","way","https://osm.org/way/101812309","","","Roots at the Bay","","","cafe","","","","","","","","","",""
"101833335","way","https://osm.org/way/101833335","","","Breagle Glen","","","restaurant","","","Saint Georges Crescent","","","Port Erin","IM9 6JJ","IM","http://breagleglen.com",""
"101833417","way","https://osm.org/way/101833417","","","The Bay Hotel","","","pub","","","","","","","","","",""
"101875109","way","https://osm.org/way/101875109","","","The Boathouse","","","restaurant","1","","Loch Road","","","","","IM","",""
"101954780","way","https://osm.org/way/101954780","","","Bay View Hotel","","","pub","","","","","","","","","",""
"102638465","way","https://osm.org/way/102638465","","","The Commercial","","","pub","","","Market Place","","","Ramsey","","IM","",""
"102638473","way","https://osm.org/way/102638473","","","Bourne Plaice","","","fast_food","1","","Dale Street","","","Ramsey","IM8 1BJ","","",""
"102638482","way","https://osm.org/way/102638482","","","Pizzanista","","","fast_food","","","Market Place","","","Ramsey","","IM","",""
"102638487","way","https://osm.org/way/102638487","","","Harbour Bistro","","","cafe","","","","","","","","","",""
"102638493","way","https://osm.org/way/102638493","","","The Royal George","","","pub","","","Market Place","","","Ramsey","IM8 1JY","","https://pubsandbars.im/venue/the-royal-george/",""
"102638510","way","https://osm.org/way/102638510","","","Good Stuff","","","restaurant","6","","Peel Street","","","Ramsey","IM8 1JH","IM","http://goodstuffiom.com/","+441624610225"
"102737949","way","https://osm.org/way/102737949","","","Tasty Bite","","","fast_food","","","","","","","","","",""
"102783332","way","https://osm.org/way/102783332","","","Trafalgar Hotel","","","pub","","","West Quay","","","Ramsey","IM8 1DW","IM","",""
"102783356","way","https://osm.org/way/102783356","","","Mitre Hotel","","","pub","16","","Parliament Street","","","Ramsey","","IM","",""
"102785222","way","https://osm.org/way/102785222","","","Mini Cafe","","","cafe","23","","Parliament Street","","","Ramsey","IM8 1AS","IM","",""
"102785238","way","https://osm.org/way/102785238","","","Golden Phoenix","","","restaurant","13-15","","Parliament Street","","","Ramsey","IM8 1AS","IM","",""
"102856113","way","https://osm.org/way/102856113","","","Vellika's Indian Restaurant","","","restaurant","6","Vellika's Indian Restaurant","Bowring Road","","","Ramsey","IM8 2LQ","","https://vellikas.com","+44 1624 818241"
"102856115","way","https://osm.org/way/102856115","","","Plough","","","pub","46","","Parliament Street","","","Ramsey","","","",""
"102856116","way","https://osm.org/way/102856116","","","Ravioli House","","","restaurant","44","","Parliament Street","","","Ramsey","","","",""
"102856117","way","https://osm.org/way/102856117","","","White Tiger Cafe","","","cafe","","","","","","","","","",""
"102856155","way","https://osm.org/way/102856155","","","Bar Logo","","","pub","","","Parliament Street","","","Ramsey","","IM","",""
"102856169","way","https://osm.org/way/102856169","","","The Swan","","","pub","","","Parliament Square","","","Ramsey","IM8 1AH","","https://pubsandbars.im/venue/the-swan/",""
"102856174","way","https://osm.org/way/102856174","","","Barista Coffee House","","","cafe","89","","Parliament Street","","","Ramsey","IM8 1AQ","IM","",""
"102856189","way","https://osm.org/way/102856189","","","Mandarin Chinese Take Away","","","fast_food","","","","","","","","","",""
"102856194","way","https://osm.org/way/102856194","","","Star Grill","","","fast_food","48","","Parliament Square","","","Ramsey","","IM","",""
"102856196","way","https://osm.org/way/102856196","","","The Ramsey Trawlerman","","","fast_food","","","Parliament Street","","","Ramsey","","","",""
"102856205","way","https://osm.org/way/102856205","","","The Other Place","","","restaurant","4","Forrest View","Bowring Road","","","Ramsey","IM8 2LH","","",""
"102856211","way","https://osm.org/way/102856211","","","Brunch","","","cafe","74","Kermode House","Parliament Street","","","Ramsey","IM8 1AG","","",""
"112577391","way","https://osm.org/way/112577391","","","The Mitre","","","pub","","","Kirk Michael Main Road","","","Kirk Michael","IM6 1AJ","IM","https://pubsandbars.im/venue/the-mitre/",""
"136226755","way","https://osm.org/way/136226755","","","Victory Cafe","","","cafe","","Victory Cafe","","","31st milestone, TT race course","Snaefell","IM4 5AF","IM","https://victory-cafe.com","+44 1624 675981"
"136226759","way","https://osm.org/way/136226759","","","Summit Hotel","","","cafe","","","","","","","","","",""
"146833057","way","https://osm.org/way/146833057","","","The Peveril","","","pub","","","Crown Street","","","Peel","IM5 1AJ","IM","",""
"146833062","way","https://osm.org/way/146833062","","","Jade Harbour Restaurant","","","restaurant","","","","","","","","","","+44 1624 845353"
"146835165","way","https://osm.org/way/146835165","","","Harbour Lights","","","restaurant","","","Shore Road","","","Peel","IM5 1AH","IM","http://www.harbour-lights.net/",""
"146835166","way","https://osm.org/way/146835166","","","The Cod and Castle","","","fast_food","13a","","Shore Road","","","Peel","","IM","",""
"146835180","way","https://osm.org/way/146835180","","","Davison's Ice Cream Parlour","","","cafe","","Castle Court","Shore Road","","","Peel","","IM","https://www.davisons.co.im/","+441624844761"
"146907353","way","https://osm.org/way/146907353","","","The Central","","","pub","12","","Castle Street","","","Peel","","IM","",""
"146907394","way","https://osm.org/way/146907394","","","","","","pub","7","Ye Olde Crown","Castle Street","","","Peel","","IM","",""
"146910948","way","https://osm.org/way/146910948","","","The Creek Inn","","","pub","","","","","","","","","",""
"146911007","way","https://osm.org/way/146911007","","","McGills Bistro","","","restaurant","","","","","","","","","","01624844144"
"146972127","way","https://osm.org/way/146972127","","","Tia's Tearooms","","","cafe","","","","","","","","","",""
"146980706","way","https://osm.org/way/146980706","","","Tyred and Cranky","","","cafe","23","","Michael Street","","","Peel","","IM","",""
"147183304","way","https://osm.org/way/147183304","","","Roots by the Sea","","","cafe","26","Roots by the Sea","Shore Road","","","Peel","IM5 1NH","","https://www.rootsbythesea.co.uk/","+447624234221"
"147183511","way","https://osm.org/way/147183511","","","The Royal","","","pub","25","","Atholl Street","","","Peel","IM5 1HQ","IM","",""
"147191828","way","https://osm.org/way/147191828","","","Shamyr Hey","","","cafe","41","Powell House","Michael Street","","","Peel","","IM","",""
"147191830","way","https://osm.org/way/147191830","","","The Miller's T'ale","","","pub","33","","Michael Street","","","Peel","","IM","",""
"147191845","way","https://osm.org/way/147191845","","","Hong Kong Delight","","","restaurant","","","Atholl Place","","","Peel","","IM","",""
"147191861","way","https://osm.org/way/147191861","","","Royal India","","","restaurant","","","Atholl Place","","","Peel","","IM","",""
"147204825","way","https://osm.org/way/147204825","","","","","","cafe","10","","Marine Parade","","","Peel","","IM","",""
"147462133","way","https://osm.org/way/147462133","","","Peel Fisheries","","","fast_food","6","","Christian Street","","","Peel","","IM","http://www.peelfisheries.co.uk",""
"147604379","way","https://osm.org/way/147604379","","","Peel Kiosk","","","cafe","","","","","","","","","",""
"147604400","way","https://osm.org/way/147604400","","","White House","","","pub","","","","","","","","","",""
"149066482","way","https://osm.org/way/149066482","","","The Highwayman","","","pub","","","Poortown Road","","","Peel","IM5 1XF","IM","https://pubsandbars.im/venue/highwayman/",""
"157913784","way","https://osm.org/way/157913784","","","The Terminus Tavern","","","pub","","","Strathallan Crescent","","","Douglas","IM2 4NR","IM","https://pubsandbars.im/venue/terminus-tavern/",""
"159753877","way","https://osm.org/way/159753877","","","The Heron","","","pub","","","Cushag Road","","","Douglas","IM2 2BZ","","https://pubsandbars.im/venue/the-heron/",""
"164658119","way","https://osm.org/way/164658119","","","Pestle and Mortar","","","cafe","1A","","Windsor Road","","","Douglas","IM1 3JX","IM","",""
"165129858","way","https://osm.org/way/165129858","","","Golden Gate","","","fast_food","13","","Snaefell Road","","","Douglas","IM2 6LX","IM","",""
"167556267","way","https://osm.org/way/167556267","","","Bride Tea Rooms","","","cafe","","","","","","","","","",""
"168817261","way","https://osm.org/way/168817261","","","Waters Edge","","","fast_food","","","","","","","","","",""
"184773631","way","https://osm.org/way/184773631","","","The Bridge Inn","","","pub","","","","","","","","","",""
"186415861","way","https://osm.org/way/186415861","","","Old Market Inn","","","pub","","","","","","","","","",""
"186415864","way","https://osm.org/way/186415864","","","Aloha","","","cafe","","Manning House","Lord Street","","","Douglas","","IM","",""
"227140563","way","https://osm.org/way/227140563","","","Liverpool Arms","","","pub","","","Baldrine Main Road","","","","IM4 6AE","IM","http://www.liverpoolarms.com/","+44 1624 674787"
"230777716","way","https://osm.org/way/230777716","","","Glen Mona Hotel","","","pub","","","","","","","","","http://www.glenmonasc.co.uk/","+44 1624 861263"
"233925096","way","https://osm.org/way/233925096","","","Laxey Pit Stop","","","restaurant","13","Old Post Office","New Road","","","Laxey","","","",""
"233925098","way","https://osm.org/way/233925098","","","The Mines","","","pub","","","Captain's Hill","","","Laxey","IM4 7AY","","https://pubsandbars.im/venue/the-mines/",""
"233925099","way","https://osm.org/way/233925099","","","The Phoenix","","","fast_food","","","","","","","","","",""
"241013778","way","https://osm.org/way/241013778","","","Enzo's","","","restaurant","52","","Bucks Road","","","Douglas","IM1 3AD","IM","","+44 1624 623959"
"246336691","way","https://osm.org/way/246336691","","","The Barbary Coast","","","bar","","","North Quay","","","Douglas","IM1 4LA","IM","https://barbarycoast.im",""
"246386233","way","https://osm.org/way/246386233","","","Lotus","","","restaurant","","","","","","","","","",""
"246812764","way","https://osm.org/way/246812764","","","Loong Tan Garden","","","restaurant","11B","","Avondale Road","","Village Walk","Onchan","","IM","",""
"246812771","way","https://osm.org/way/246812771","","","The Village Cafe","","","cafe","2B","","Avondale Road","","Village Walk","Onchan","IM3 4EA","IM","",""
"247968410","way","https://osm.org/way/247968410","","","Archibald Knox","","","pub","","","Avondale Road","","","Onchan","IM3 4EZ","","https://pubsandbars.im/venue/archibald-knox/",""
"247968423","way","https://osm.org/way/247968423","","","Domino's","","","fast_food","24A","","Avondale Road","","Village Walk","Onchan","","IM","",""
"280860908","way","https://osm.org/way/280860908","","","Quayside","","","cafe","16","","North Quay","","","","","IM","",""
"292052815","way","https://osm.org/way/292052815","","","Green's","","","cafe","","","St Johns Main Road","","","St John's","","","http://www.greensiom.com",""
"335686610","way","https://osm.org/way/335686610","","","Laxey's Diner","","","restaurant","1","","Mines Road","","","Laxey","IM4 7NY","","http://www.laxeys-diner.com/",""
"335686611","way","https://osm.org/way/335686611","","","Spice of Isabella","","","restaurant","","","","","","","","","",""
"366282623","way","https://osm.org/way/366282623","","","The Old Guard House","","","restaurant","","Guard House","","","Jurby Industrial Estate","Jurby","IM7 3BD","IM","",""
"393264135","way","https://osm.org/way/393264135","","","Colby Glen Hotel","","","pub","","","Colby Main Road","","","Colby","IM9 4LR","","https://pubsandbars.im/venue/the-colby-glen/","+441624834853"
"410363358","way","https://osm.org/way/410363358","","","Da Vinci's","","","restaurant","","","","","","","","","","+44 1624 677774"
"410363359","way","https://osm.org/way/410363359","","","Samphire","","","restaurant","35","","North Quay","","","","","IM","",""
"410363361","way","https://osm.org/way/410363361","","","Tanroagan","","","restaurant","9","","Ridgeway Street","","","Douglas","IM1 1EW","IM","http://www.tanroagan.co.uk",""
"410363364","way","https://osm.org/way/410363364","","","Spill The Beans","","","cafe","1","","Market Hill","","","Douglas","","IM","",""
"410386584","way","https://osm.org/way/410386584","","","Asia Fresh","","","restaurant","4-6","","Quines Corner","","","Douglas","IM1 4LF","IM","https://www.asiafresh.co.uk",""
"410386594","way","https://osm.org/way/410386594","","","The Railway","","","pub","","","Bank's Circus","","","Douglas","IM1 5AB","IM","https://pubsandbars.im/venue/the-railway/",""
"412956695","way","https://osm.org/way/412956695","","","Ginger Hall Hotel","","","pub","","","Ballamanagh Road","","","Sulby","IM7 2HB","IM","",""
"414251741","way","https://osm.org/way/414251741","","","Pizzaiolo","","","fast_food","11","","North Quay","","","Douglas","","IM","",""
"414616163","way","https://osm.org/way/414616163","","","The Cupcakery","","","cafe","26","","Arbory Street","","","Castletown","","IM","",""
"414616167","way","https://osm.org/way/414616167","","","Mustang Sally's American Diner","","","restaurant","10","","Arbory Street","","","Castletown","","IM","",""
"414616168","way","https://osm.org/way/414616168","","","Time Out Noodle Bar","","","restaurant","6","","Arbory Street","","","Castletown","","IM","",""
"414637473","way","https://osm.org/way/414637473","","","Victoria Grill","","","restaurant","13","","Malew Street","","","Castletown","","","",""
"414637476","way","https://osm.org/way/414637476","","","The Rush-Inn","","","restaurant","","","","","","","","","",""
"414637480","way","https://osm.org/way/414637480","","","Costa","","","cafe","","Castlegate","Castle Street","","","Castletown","IM9 1LD","IM","",""
"415157472","way","https://osm.org/way/415157472","","","Best Kebab","","","fast_food","2","","Marina Road","","","Douglas","","IM","https://bestkebabiom.com",""
"415157496","way","https://osm.org/way/415157496","","","Jaks","","","pub","43","Granville Hotel","Loch Promenade","","","Douglas","IM1 2LZ","IM","https://www.jakspub.com/",""
"415157502","way","https://osm.org/way/415157502","","","Greek Food Story","","","cafe","24","","Castle Street","","","","","IM","",""
"416526310","way","https://osm.org/way/416526310","","","Brendan O'Donnell's","","","pub","16-18","","Castle Street","","","Douglas","IM1 2EU","IM","https://pubsandbars.im/venue/brendan-odonnells/","+44 1624 621566"
"416526311","way","https://osm.org/way/416526311","","","Gourmet Shakes 'n' Snacks","","","cafe","10","","Castle Street","","","","","IM","",""
"416526314","way","https://osm.org/way/416526314","","","Star Grill & Pizza","","","fast_food","6","","Marina Road","","","Douglas","","IM","https://stargrillpizzadouglas.com","+44 1624 613822"
"416526316","way","https://osm.org/way/416526316","","","The Tea Junction","","","cafe","14","","Castle Street","","","","","IM","",""
"416526317","way","https://osm.org/way/416526317","","","HOPS","","","bar","17","","Castle Street","","","Douglas","IM1 2EX","","",""
"416526328","way","https://osm.org/way/416526328","","","Time Out","","","restaurant","","","","","","","","","https://timeoutnoodlebar-com.stackstaging.com/","+447624225995"
"417401591","way","https://osm.org/way/417401591","","","Capone's Diner","","","restaurant","84","","Strand Street","","","Douglas","","IM","",""
"418111627","way","https://osm.org/way/418111627","","","Zosa","","","cafe","64","","Duke Street","","","Douglas","","IM","",""
"418111629","way","https://osm.org/way/418111629","","","1886 Bar & Grill","","","restaurant","6","Old Post Office","Regent Street","","","Douglas","IM1 2EA","IM","https://1886bars.com",""
"419052368","way","https://osm.org/way/419052368","","","Niko's Grill","","","fast_food","62","","Duke Street","","","Douglas","IM1 2SE","IM","https://www.nikosgrill.im",""
"419056951","way","https://osm.org/way/419056951","","","Starbucks","","","cafe","18a-20","","Victoria Street","","","Douglas","IM1 2LE","IM","",""
"419056953","way","https://osm.org/way/419056953","","","The Buttery","","","cafe","","","","","","","","","",""
"419113934","way","https://osm.org/way/419113934","","","Costa","","","cafe","65","","Strand Street","","","","","IM","",""
"419113944","way","https://osm.org/way/419113944","","","Oasis Sandwich Bar","","","cafe","","","","","","","","","",""
"419113945","way","https://osm.org/way/419113945","","","Tea Evolution","","","cafe","","","","","","","","","",""
"419113947","way","https://osm.org/way/419113947","","","The Bohemian Coffee House","","","cafe","","","","","","","","","",""
"419775938","way","https://osm.org/way/419775938","","","Freshly Squeezed","","","cafe","14","","Victoria Street","","","Douglas","IM1 2LD","IM","",""
"419775941","way","https://osm.org/way/419775941","","","Fresh Squeezed","","","cafe","","","","","","","","","",""
"419775945","way","https://osm.org/way/419775945","","","Nags Head","","","pub","","","","","","","","","",""
"419775947","way","https://osm.org/way/419775947","","","Peri Peri Chicken Victoria Grill","","","fast_food","8","","Victoria Street","","","Douglas","IM1 2LH","","http://www.periperichicken.im",""
"419775951","way","https://osm.org/way/419775951","","","The Victoria Tavern","","","pub","17","","Victoria Street","","","Douglas","","","","+44 1624 620586"
"419950956","way","https://osm.org/way/419950956","","","The Thirsty Pigeon","","","pub","38-40","","Victoria Street","","","Douglas","IM1 2LW;IM2 1LB","","","+44 1624 675584"
"420023851","way","https://osm.org/way/420023851","","","Street Kitchen","","","restaurant","3","Street Kitchen","Prospect Hill","","","Douglas","IM1 1ES","","",""
"420051240","way","https://osm.org/way/420051240","","","A Café","","","cafe","20","","Duke Street","","","Douglas","","IM","",""
"420051246","way","https://osm.org/way/420051246","","","Full Moon Thai","","","restaurant","3","","Market Hill","","","Douglas","","IM","",""
"420051253","way","https://osm.org/way/420051253","","","The Front Porch","","","bar","13-17","","Duke Street","","","Douglas","IM1 2BB","IM","https://www.thefrontporch.co.im",""
"531471591","way","https://osm.org/way/531471591","","","Seven Kingdom Distillery","","","pub","","","Bank's Circus","","","Douglas","IM1 5AF","IM","https://www.sevenkingdomdistillery.com/","+44 1624 620232"
"531717921","way","https://osm.org/way/531717921","","","L’expérience","","","restaurant","1","","Summer Hill","","","Douglas","IM2 4PL","","http://www.lex.co.im/","+44 1624 623103"
"540218375","way","https://osm.org/way/540218375","","","Leonardo's","","","restaurant","","Stanley House","Castle Street","","","Castletown","IM9 1LF","","","+44 1624 827635"
"655702919","way","https://osm.org/way/655702919","","","Domino's","","","fast_food","","","","","","","","","",""
"755354025","way","https://osm.org/way/755354025","","","The Noodle Shop","","","restaurant","","","","","","","","","",""
"755354026","way","https://osm.org/way/755354026","","","Java Express","","","cafe","7-11","","Prospect Hill","","","Douglas","","","",""
"759236880","way","https://osm.org/way/759236880","","","","","","restaurant","","","","","","","","","",""
"813439034","way","https://osm.org/way/813439034","","","The Shed","","","cafe","","The Shed","The Promenade","","","Laxey","IM4 7DD","","https://www.theshed.im","+44 1624 863151"
"813974471","way","https://osm.org/way/813974471","","","Bar George","","","pub","","","Hill Street","","","Douglas","","","https://www.bargeorge.net/",""
"894021395","way","https://osm.org/way/894021395","","","The Pavilion at Douglas Golf Club","","","restaurant","","The Pavilion","Pulrose Road","","Douglas Golf Club","Douglas","IM2 1AE","IM","",""
"895078378","way","https://osm.org/way/895078378","","","The Grosvenor","","","pub","","","","","","","","","",""
"908204536","way","https://osm.org/way/908204536","","","Creg-ny-baa","","","pub","","","Mountain Road","","","","","IM","https://www.creg-ny-baa.com/",""
"912358202","way","https://osm.org/way/912358202","","","Northern Pool Cafe","","","cafe","","Mooragh Promenade","Mooragh Promenade","","","Ramsey","IM8 3AB","","",""
"925621389","way","https://osm.org/way/925621389","","","Ballacregga Corn Mill","","","restaurant","","","","","","","","","",""
"963768003","way","https://osm.org/way/963768003","","","The Crosby","","","pub","","","Crosby Main Road","","","Crosby","IM4 2DQ","","https://pubsandbars.im/venue/the-crosby/",""
"975084136","way","https://osm.org/way/975084136","","","Wine Down","","","restaurant","","","","","","","","","",""
"981865467","way","https://osm.org/way/981865467","","","Manx Arms","","","pub","","","Onchan Main Road","","","Onchan","IM3 1BE","IM","https://pubsandbars.im/venue/manx-arms/",""
"1091965723","way","https://osm.org/way/1091965723","","","Black Dog Oven (Dogs Nollick)","","","restaurant","","","","","","","","","https://www.facebook.com/Blackdogoven/","+447624230209"
"1107791004","way","https://osm.org/way/1107791004","","","Costa","","","cafe","","","","","","","","","",""
"1111547295","way","https://osm.org/way/1111547295","","","Sunset Lakes","","","cafe","","","","","","","","","https://sunsetlakesisleofman.com/sunset-lakes-cafe/",""
"1125185105","way","https://osm.org/way/1125185105","","","Starbucks","","","cafe","13","","Peel Road","","","Douglas","IM1 5ED","","",""
"1125185107","way","https://osm.org/way/1125185107","","","KFC","","","fast_food","10-14","","","","Peel Road Retail Park","Douglas","IM1 5ED","IM","",""
"1126198585","way","https://osm.org/way/1126198585","","","Queens Hotel","","","pub","","","","","","","","","",""
"1126198608","way","https://osm.org/way/1126198608","","","Shore Hotel","","","pub","","Shore Hotel","Old Laxey Hill","","","Laxey","","IM","http://www.shorehotel.im",""
"1128012513","way","https://osm.org/way/1128012513","","","The Rosemount","","","pub","","","Woodbourne Road","","","Douglas","IM1 3HH","","https://pubsandbars.im/venue/the-rosemount/",""
"1145708287","way","https://osm.org/way/1145708287","","","The Raven","","","pub","","","Ballaugh Main Road","","","Ballaugh","IM7 5EG","IM","https://pubsandbars.im/venue/the-raven/",""
"1148906138","way","https://osm.org/way/1148906138","","","Four Seasons","","","restaurant","","","Ballasalla Main Road","","","Ballasalla","","IM","",""
"1154135530","way","https://osm.org/way/1154135530","","","Meating Steakhouse","","","restaurant","18","","Broadway","","","Douglas","IM2 4EL","IM","https://www.meating.im",""
"1154815809","way","https://osm.org/way/1154815809","","","The Woodbourne","","","pub","20","","Alexander Drive","","","Douglas","IM2 3QF","","https://pubsandbars.im/venue/the-woodbourne/",""
"1155006397","way","https://osm.org/way/1155006397","","","The Coffee Cottage","","","cafe","","Watertrough Cottage","Shoulder Road","","","Foxdale","","","",""
"1157520336","way","https://osm.org/way/1157520336","","","The Hutch","","","cafe","6","","Parliament Square","","","Ramsey","IM8 1AH","","",""
"1164180985","way","https://osm.org/way/1164180985","","","Gelatory","","","cafe","","","","","","","","","",""
"1164189639","way","https://osm.org/way/1164189639","","","Court Cafe","","","cafe","12","","Parliament Street","","","Ramsey","","IM","",""
"1183748019","way","https://osm.org/way/1183748019","","","The Gelatory Shed","","","cafe","","","","","","","","","",""
"1185135506","way","https://osm.org/way/1185135506","","","Cosmic Ice Cream","","","cafe","","","","","","","","","",""
"1185135507","way","https://osm.org/way/1185135507","","","Martha's Kitchen at the Quarterdeck","","","cafe","","","","","","","","","",""
"1214914743","way","https://osm.org/way/1214914743","","","","","","fast_food","7-8","","Hailwood Court","","","Onchan","","IM","",""
"1220527322","way","https://osm.org/way/1220527322","","","Flaming Great","","","fast_food","68","","Bucks Road","","","Douglas","","IM","","+44 1624 611030"
"1243246099","way","https://osm.org/way/1243246099","","","Food Paradise","","","fast_food","","","","","","","","","",""
