"osm_id","osm_type","osm_url","lat","lon","name","name:en","name:gv","tourism","wikidata","website","contact:website","phone","contact:phone","contact:email","contact:facebook"
"11009081344","node","https://osm.org/node/11009081344","54.143423","-4.46892","""They shall grow not old...""","","","information","","","","","","",""
"8603450963","node","https://osm.org/node/8603450963","54.091326","-4.649636","""Vampire's Grave""","","","attraction","","","","","","",""
"9918871435","node","https://osm.org/node/9918871435","54.245251","-4.596878","11th Milestone","","","attraction","Q4547915","","","","","",""
"12108629870","node","https://osm.org/node/12108629870","54.20135","-4.642568","2018 Year of Our Island","","","artwork","","","","","","",""
"1697727855","node","https://osm.org/node/1697727855","54.301146","-4.393582","26th Milestone","","","attraction","Q4632463","","","","","",""
"1697702230","node","https://osm.org/node/1697702230","54.237038","-4.47367","32nd Milestone","","","attraction","","","","","","",""
"1172466778","way","https://osm.org/way/1172466778","54.16707178508214","-4.462358012140318","5 Strathallan","","","apartment","","https://5strathallan.com","","","","",""
"101799684","way","https://osm.org/way/101799684","54.078791375264785","-4.737302174267259","Aaron House","","","guest_house","","https://www.aaronhouse.im","","","","",""
"1069323482","node","https://osm.org/node/1069323482","54.160192","-4.481327","Adelphi Hotel","","","hotel","","","","+44 1624 676591","","",""
"80989823","way","https://osm.org/way/80989823","54.15031597886617","-4.4778159423747494","Admiral House","","","hotel","","http://www.admiralhouse.com/","","","","",""
"147860349","way","https://osm.org/way/147860349","54.22149258436838","-4.689547051631378","Albany House","","","guest_house","","http://manxbedandbreakfast.com/","","","","",""
"10794945305","node","https://osm.org/node/10794945305","54.159221","-4.480582","All Seasons","","","guest_house","","","","","","",""
"112574139","way","https://osm.org/way/112574139","54.21660965636163","-4.5206959236674775","Ard Whallan Outdoor Centre","","","hostel","","","","","","",""
"229711876","way","https://osm.org/way/229711876","54.13145052401417","-4.540527963358812","Ard-na-Mara Holiday Apartments","","","guest_house","","","","","","",""
"502490905","node","https://osm.org/node/502490905","54.16027","-4.479197","Arrandale House","","","hotel","","https://www.arrandale.com","","","","",""
"476150218","node","https://osm.org/node/476150218","54.161805","-4.474519","Ascot Hotel","","","hotel","","https://www.hotel-ascot.co.uk/","","","","",""
"12188621814","node","https://osm.org/node/12188621814","54.163653","-4.469347","At Caledonia","","","hotel","","https://www.caledonia.im","","","","",""
"101847182","way","https://osm.org/way/101847182","54.08409426492564","-4.758147294887733","Athol Park Guesthouse","","","guest_house","","","","","","",""
"1006850984","way","https://osm.org/way/1006850984","54.40579953990068","-4.412449854237212","Ayres Nature Discovery Centre and Nature Trail","","","information","","https://www.mwt.im/nature-reserves/ayres-nature-discovery-centre-and-nature-trail","","","","",""
"963223830","way","https://osm.org/way/963223830","54.327870713751736","-4.388257115668095","Baie Mooar House","Baie Mooar House","Baie Mooar","guest_house","","https://www.baiemooar.com/","","","+44 7624 304403","bookings@baiemooar.com",""
"283509592","node","https://osm.org/node/283509592","54.097076","-4.676042","Ballabeg Hairpin","","","attraction","","","","","","",""
"1280034750","way","https://osm.org/way/1280034750","54.1953097617977","-4.698225482794548","Ballacallin Court","","","chalet","","https://isleofman-holidaycottages.com","","","","",""
"492916887","node","https://osm.org/node/492916887","54.118489","-4.637253","Ballachrink Barn Cottages","","","chalet","","http://www.barncottagesisleofman.com","","","","",""
"169812273","way","https://osm.org/way/169812273","54.366102169543296","-4.393449475205392","Ballachrink Bungalow","","","chalet","","https://www.ballachrink.co.uk/","","+44 1624 880364","","",""
"169812275","way","https://osm.org/way/169812275","54.36610630604004","-4.394330644709389","Ballachrink Farm","","","guest_house","","https://www.ballachrink.co.uk/","","+44 1624 880364","","",""
"476184704","node","https://osm.org/node/476184704","54.366888","-4.438508","Ballacottier Beg","","","chalet","","","","","","",""
"1321468672","way","https://osm.org/way/1321468672","54.31851063996522","-4.494868763863468","Ballacowell","","","guest_house","","http://www.ballacowell.co.uk","","","","",""
"448463229","node","https://osm.org/node/448463229","54.20319","-4.629509","Ballacraine","Ballacraine","Balley Craine","attraction","Q4851317","","","","","",""
"161834494","way","https://osm.org/way/161834494","54.12338914016737","-4.68193674410916","Ballacricket Farmhouse","","","guest_house","","http://www.ballacricket.com","","","","",""
"10683492835","node","https://osm.org/node/10683492835","54.348383","-4.493023","Ballacrye Beg","","","chalet","","https://ballacryebeg.com","","","","","https://www.facebook.com/BallacryeBeg/"
"283519410","node","https://osm.org/node/283519410","54.312146","-4.526437","Ballacrye Corner","","","attraction","Q4851318","","","","","",""
"1170163737","way","https://osm.org/way/1170163737","54.150487727331566","-4.577216415321345","Balladhoo Mews","","","chalet","","http://www.balladhoo-mews.com","","","","",""
"458533119","node","https://osm.org/node/458533119","54.173804","-4.549038","Ballagarey Corner","","","attraction","Q4851392","","","","","",""
"1155410599","way","https://osm.org/way/1155410599","54.31298624675244","-4.410311525241256","Ballagarrow Cottage","","","chalet","","https://www.visitisleofman.com/stay/ballagarrow-cottage-p1288771","","","","",""
"158683980","way","https://osm.org/way/158683980","54.14148700181341","-4.638499847005036","Ballaglea","","","guest_house","","https://www.isle-of-man-bed-and-breakfast.com/","","","","",""
"163139334","way","https://osm.org/way/163139334","54.14547732227855","-4.586988341799409","Ballahowin Courtyard","","","chalet","","http://www.ballahowin.com","","","","",""
"1751528049","node","https://osm.org/node/1751528049","54.171538","-4.536224","Ballahutchin Hill","","","attraction","","","","","","",""
"283520110","node","https://osm.org/node/283520110","54.083205","-4.674371","Ballakaighen","","","attraction","","","","","","",""
"159381722","way","https://osm.org/way/159381722","54.18389749999999","-4.7090605","Ballakerkey Cottage","","","chalet","","http://www.glenmaye.com/","","","","",""
"113526284","way","https://osm.org/way/113526284","54.37259766049327","-4.443355023863698","Ballalough House Beg","","","chalet","","http://gilesgate.im/","","+44 1624 880529","","",""
"1418514166","way","https://osm.org/way/1418514166","54.08029332267004","-4.663532641498352","Ballalough Reedbeds â€“ Castletown Nature Reserve","","","attraction","","https://www.castletown.gov.im/ballalough-reedbeds-castletown-nature-reserve/","","","","","https://www.facebook.com/ballaloughreedbeds"
"10861071081","node","https://osm.org/node/10861071081","54.250374","-4.588935","Ballamenagh Cottage Studio","","","chalet","","http://isleofmancottages.co.uk/ballamenagh.html","","","","",""
"995420268","way","https://osm.org/way/995420268","54.30846016601857","-4.538878731681754","Ballamoar Campsite","","","camp_site","","https://ballamoarcampsite.im/","","+44 1624 898323","","",""
"1153365852","way","https://osm.org/way/1153365852","54.206129007989865","-4.685459494650412","Ballamoar Coach House","","","chalet","Q118188793","https://www.ballamoar-coach-house.com/","","+44 1624 842393","","","https://www.facebook.com/people/The-Coach-House-Isle-of-Man/100063861769523/"
"475393389","node","https://osm.org/node/475393389","54.307444","-4.53512","Ballamoar Farm","Ballamoar Farm","Ballamoar","camp_site","","http://www.ballamoar.com","","+44 1624 897442","","",""
"10862294647","node","https://osm.org/node/10862294647","54.093209","-4.674955","Ballanorris","","","attraction","","","","","","",""
"1200662217","way","https://osm.org/way/1200662217","54.297027712342036","-4.5835017104679325","Ballarhennie House","","","guest_house","","","","","","",""
"475394051","node","https://osm.org/node/475394051","54.200958","-4.65695","Ballaspit","","","camp_site","","","","","","",""
"496611444","node","https://osm.org/node/496611444","54.384578","-4.477712","Ballathona Farm","","","guest_house","","","","","","",""
"25987835","way","https://osm.org/way/25987835","54.3096755","-4.541443","Ballaugh Main Road","Ballaugh Main Road","","attraction","Q4851557","","","","","",""
"169812277","way","https://osm.org/way/169812277","54.35121590525835","-4.403694085212797","Ballavarteen Holiday Cottage","","","chalet","","http://www.ballavarteen.co.uk/","","+44 1624 880801","","",""
"475394744","node","https://osm.org/node/475394744","54.106954","-4.651506","Ballavell Farm","","","guest_house","","http://www.ballavellfarm.net","","","","",""
"492450565","node","https://osm.org/node/492450565","54.192537","-4.567975","Ballavitchel Farm","","","chalet","","http://www.ballavitchel.com","","","","",""
"10862294646","node","https://osm.org/node/10862294646","54.096708","-4.66982","Ballawhetstone","","","attraction","","","","","","",""
"768565627","way","https://osm.org/way/768565627","54.21132018963503","-4.507534012110393","Ballawyllin Farm","","","guest_house","","https://www.relaxatballawyllin.co.uk/properties/bed-and-breakfast","","","","",""
"1147859238","way","https://osm.org/way/1147859238","54.211217500000004","-4.5070855","Ballawyllin Farm Cottage","","","chalet","","https://www.relaxatballawyllin.co.uk/properties/ballawyllin-farm-cottage","","","","",""
"79398096","way","https://osm.org/way/79398096","54.08577242153612","-4.758841569365609","Balmoral Hotel","","","hotel","","http://www.balmoralporterin.co.uk","","","","",""
"12470935331","node","https://osm.org/node/12470935331","54.093405","-4.626931","Balthane Industrial Estate","","","information","","","","","","",""
"283481023","node","https://osm.org/node/283481023","54.260538","-4.581516","Barregarrow Crosroads","","","attraction","","","","","","",""
"101799752","way","https://osm.org/way/101799752","54.08192630337578","-4.733082636308726","Beach Croft","","","guest_house","","","","","","",""
"963255447","way","https://osm.org/way/963255447","54.31813504385476","-4.375014061833328","Beach House","","","guest_house","","https://www.visitisleofman.com/stay/beach-house-p1308441","","","","",""
"283523051","node","https://osm.org/node/283523051","54.177588","-4.471592","Bedstead Corner","","","attraction","Q7754297","","","","","",""
"166047471","way","https://osm.org/way/166047471","54.1244003243608","-4.714791495875722","Bee and Blossom Farm","","","chalet","","https://beeandblossomfarm.co.uk","","","","",""
"147183393","way","https://osm.org/way/147183393","54.22388771355631","-4.693021823833496","Ben-my-Chree","","","chalet","","http://www.peel-holiday-cottage.com","","","","",""
"10862294644","node","https://osm.org/node/10862294644","54.094347","-4.657552","Billown Dip","","","attraction","","","","","","",""
"1304030839","node","https://osm.org/node/1304030839","54.292733","-4.577906","Birkin's Bend","","","attraction","Q4916488","","","","","",""
"936116458","way","https://osm.org/way/936116458","54.26746321752918","-4.449194385233599","Black Hut","","","attraction","","","","","","",""
"475394021","node","https://osm.org/node/475394021","54.109051","-4.622247","Blackhill","","","guest_house","","","","","","",""
"8355908547","node","https://osm.org/node/8355908547","54.085858","-4.759289","Boat","","","artwork","","","","","","",""
"300040027","node","https://osm.org/node/300040027","54.104395","-4.763526","Bradda Hill","","","viewpoint","Q2923459","","","","","",""
"25987737","way","https://osm.org/way/25987737","54.16137913707723","-4.505618501138775","Braddan Bridge","","","attraction","Q4954435","","","","","",""
"475393766","node","https://osm.org/node/475393766","54.195459","-4.476838","Brandish","","","attraction","Q4956708","","","","","",""
"458533108","node","https://osm.org/node/458533108","54.164247","-4.485334","Bray Hill","","","attraction","Q3389200","","","","","",""
"475439592","way","https://osm.org/way/475439592","54.35717775846259","-4.421983513498037","Brightlife","","","hotel","","https://www.brightlife.com/","","+44 1624 880318","","",""
"283517384","node","https://osm.org/node/283517384","54.318443","-4.496421","Caley's","","","attraction","","","","","","",""
"1925453835","node","https://osm.org/node/1925453835","54.063924","-4.793537","Calf Sound","","","viewpoint","","","","","","",""
"475393099","node","https://osm.org/node/475393099","54.266368","-4.577194","Cammall Farm","","","chalet","","http://www.cammallfarm.co.uk","","","","",""
"10778781241","node","https://osm.org/node/10778781241","54.07394","-4.652007","Captain John Quilliam","","","artwork","","","","","","",""
"104720129","way","https://osm.org/way/104720129","54.09554600397109","-4.745551067330796","Carabas","","","guest_house","","https://www.carabas.im","","","","",""
"38301009","way","https://osm.org/way/38301009","54.07379284151539","-4.652864283195815","Castle Rushen","Castle Rushen","Cashtal Rushen","museum","Q2967821","https://manxnationalheritage.im/our-sites/castle-castletown/","","","","",""
"283516992","node","https://osm.org/node/283516992","54.078401","-4.655893","Castletown Corner","","","attraction","","","","","","",""
"10135859526","node","https://osm.org/node/10135859526","54.246621","-4.648477","Cave","","","attraction","","","","","","",""
"10135859527","node","https://osm.org/node/10135859527","54.245481","-4.649991","Cave","","","attraction","","","","","","",""
"60007293","way","https://osm.org/way/60007293","54.0859749632627","-4.755504492285898","Cherry Orchard","","","aparthotel","","https://www.cherry-orchard.com/","","+44 1624 833811","","",""
"10862294643","node","https://osm.org/node/10862294643","54.091273","-4.649082","Church Bends","","","attraction","","","","","","",""
"7777593447","node","https://osm.org/node/7777593447","54.068511","-4.76854","Church Farm Walk","","","information","","","","","","",""
"171845731","way","https://osm.org/way/171845731","54.16956168872742","-4.632851075027558","Clag Mooar","","","guest_house","","http://www.clagmooar.com/","","","","",""
"81446776","way","https://osm.org/way/81446776","54.15074932586915","-4.478060131475047","Claremont","","","hotel","","https://www.claremonthoteldouglas.com","","+44 1624 617068","","",""
"475392873","node","https://osm.org/node/475392873","54.331778","-4.472337","Close Chairn Cottages","","","chalet","","http://www.closechairn.co.uk","","","","",""
"130527530","way","https://osm.org/way/130527530","54.3326085","-4.5166645","Close Taggart Cottages","","","chalet","","https://www.closetaggart.co.uk/","","+44 1624 897459","","",""
"163139337","way","https://osm.org/way/163139337","54.151515499999995","-4.547052","Colooneys Farm Cottages","","","chalet","","https://www.colooneys.com/","","","","",""
"59523535","way","https://osm.org/way/59523535","54.13935028622911","-4.560752372246737","Comis Hotel and Golf Resort","","","hotel","","https://www.comishotelandgolfresort.com","","+44 1624 661111","","",""
"146907383","way","https://osm.org/way/146907383","54.222924604858534","-4.696608140894827","Corner Cottage","","","chalet","","https://www.visitisleofman.com/stay/corner-cottage-p1404561","","","","",""
"115752152","way","https://osm.org/way/115752152","54.32561547994281","-4.5558303180350554","Corvalley South Farm","","","guest_house","","http://www.corvalley.com","","","","",""
"1126021452","way","https://osm.org/way/1126021452","54.34076017719133","-4.4700519348222265","Craig Cottages","","","chalet","","https://www.craigcottages.co.uk/","","","","",""
"10858941283","node","https://osm.org/node/10858941283","54.231021","-4.617503","Creg Willey's Hill","","","attraction","Q5183967","","","","","",""
"475393925","node","https://osm.org/node/475393925","54.20715","-4.467374","Creg-ny-baa","","","attraction","Q5183966","","","","","",""
"10880817236","node","https://osm.org/node/10880817236","54.069548","-4.768631","Cregneash Cross","","","attraction","","","","","","",""
"99608774","way","https://osm.org/way/99608774","54.07580523380613","-4.655925339474762","Croft End","","","chalet","","https://www.islandescapes.im/property/642345","","","","",""
"991780874","way","https://osm.org/way/991780874","54.26064346006973","-4.579094793403857","Cronk Aashen Farm","","","camp_site","","https://www.cronkaashen.co.uk","","","","",""
"103529572","way","https://osm.org/way/103529572","54.08336008152158","-4.6745577193701555","Cronk Darragh Cottage","","","chalet","","https://www.visitisleofman.com/stay/cronk-darragh-cottage-p1289341","","","","",""
"475395188","node","https://osm.org/node/475395188","54.18342","-4.476031","Cronk-ny-mona","","Cronk-ny-mona","attraction","","","","","","",""
"283519855","node","https://osm.org/node/283519855","54.183878","-4.566098","Crosby Crossroads","","","attraction","Q5188028","","","","","",""
"7887954946","node","https://osm.org/node/7887954946","54.186817","-4.573252","Crosby Jump","","","attraction","","","","","","",""
"780295091","node","https://osm.org/node/780295091","54.095064","-4.646813","Cross Four Ways","","","attraction","","","","","","",""
"1157924354","way","https://osm.org/way/1157924354","54.31504270232666","-4.396228567320686","Crossags Campsite","","","camp_site","","","","","+44 1624 817553","",""
"1747483581","node","https://osm.org/node/1747483581","54.319439","-4.382576","Cruickshank's Corner","","","attraction","","","","","","",""
"10844057179","node","https://osm.org/node/10844057179","54.15467","-4.478366","Cultural area","","","attraction","","","","","","",""
"81446775","way","https://osm.org/way/81446775","54.15163763696172","-4.47839570459013","Cunard","","","apartment","","https://www.cunard-accom.com/","","+44 1624 676728","","",""
"10979302877","node","https://osm.org/node/10979302877","54.073231","-4.621757","Derbyhaven Bay","","","artwork","","","","","","",""
"1168282874","way","https://osm.org/way/1168282874","54.25555681636996","-4.625021548118827","Devil's Elbow","","","picnic_site","","","","","","",""
"10858845295","node","https://osm.org/node/10858845295","54.212505","-4.63074","Doran's Bend","","","attraction","Q5297510","","","","","",""
"4144257679","node","https://osm.org/node/4144257679","54.148075","-4.485372","Douglas","","","information","","","","","","",""
"10891721348","node","https://osm.org/node/10891721348","54.149219","-4.474407","Douglas Cable Tram Wheel","","","information","","","","","","",""
"283481474","node","https://osm.org/node/283481474","54.281162","-4.587981","Douglas Corner","","","attraction","","","","","","",""
"551862841","node","https://osm.org/node/551862841","54.143453","-4.4694","Douglas Head","","","viewpoint","","","","","","",""
"11009081313","node","https://osm.org/node/11009081313","54.143453","-4.467837","Douglas Head","","","information","","","","","","",""
"475393738","node","https://osm.org/node/475393738","54.138143","-4.609348","Dreemfroy","","","chalet","","https://www.dreemfroy.com/","","","","",""
"283486904","node","https://osm.org/node/283486904","54.303586","-4.563242","Dub Cottage","","","attraction","","","","","","",""
"832286809","way","https://osm.org/way/832286809","54.146900986959785","-4.721039123507149","Eary Cushlin","","","chalet","","https://www.visitisleofman.com/stay/eary-cushlin-p1289431","","","","",""
"11807118422","node","https://osm.org/node/11807118422","54.055007","-4.624865","East Cottage","","","chalet","","https://www.isle-of-man-holiday.com/accommodation/west/","","","","",""
"492916892","node","https://osm.org/node/492916892","54.143371","-4.614197","Edd Gollan Geayee","","","chalet","","https://www.eddgollangeayee.co.uk/","","","","",""
"10049617258","node","https://osm.org/node/10049617258","54.151818","-4.478305","Ellan Vannin","","","hotel","","https://www.ellanvanninhotel.im/","","+441624674824","","",""
"81446768","way","https://osm.org/way/81446768","54.1518118228089","-4.4784565552778","Ellan Vannin Hotel","","","hotel","","","","","","",""
"1444498163","way","https://osm.org/way/1444498163","54.16052360177431","-4.4750579827126735","Ellesmere","","","hotel","","","","","","",""
"6503531569","node","https://osm.org/node/6503531569","54.17966","-4.509236","FC Camping Union Mills","","","camp_site","","https://tt.umfc.tv/","","","","","https://www.facebook.com/UnionMillsFCTTCampsite/"
"38707987","way","https://osm.org/way/38707987","54.1145255","-4.5952625000000005","Fairy Bridge","","","attraction","Q3432580","","","","","",""
"10169482883","node","https://osm.org/node/10169482883","54.114646","-4.595244","Fairy Bridge","","","attraction","Q3432580","","","","","",""
"147204840","way","https://osm.org/way/147204840","54.2246475","-4.688321999999999","Fernleigh","","","hotel","","","","","","",""
"60177067","way","https://osm.org/way/60177067","54.169491","-4.636230499999999","Foxdale Heritage Centre","","","museum","","http://www.foxdale-village.net/","","","","","https://www.facebook.com/foxdaleheritage/"
"103529579","way","https://osm.org/way/103529579","54.08342468572841","-4.691179469603917","Francorchamps","","","guest_house","","http://www.francorchamps.co.uk","","","","",""
"945979229","way","https://osm.org/way/945979229","54.33554337328871","-4.3910862358350355","Garden Walk","","","chalet","","http://gardenwalk.co.uk","","","","","https://www.facebook.com/shortbreakiom/"
"10297403400","node","https://osm.org/node/10297403400","54.271522","-4.376883","Garff Commissioners","","","information","","","","","","",""
"100018176","way","https://osm.org/way/100018176","54.073126484405435","-4.653755615690425","George Hotel","","","hotel","Q118188588","https://www.thegeorge.im","","","","",""
"412956695","way","https://osm.org/way/412956695","54.32097465734962","-4.470840932460094","Ginger Hall Hotel","","","hotel","Q5563043","","","","","","https://www.facebook.com/TheGingerHallHotel"
"1145602064","way","https://osm.org/way/1145602064","54.1839152567532","-4.705006312016341","Glen Cottage","","","chalet","","","http://www.glen-cottage.com/","","+44 1624 843768","",""
"4899420258","node","https://osm.org/node/4899420258","54.173547","-4.560728","Glen Darragh Water Wheel","","","attraction","","","","","","",""
"458533095","node","https://osm.org/node/458533095","54.186962","-4.47776","Glen Dhoo","","","camp_site","","https://www.caravancampingsites.co.uk/isleofman/glendhoo.htm","","","","",""
"475395150","node","https://osm.org/node/475395150","54.225739","-4.616811","Glen Helen","","","attraction","Q5567809","","","","","",""
"901997108","way","https://osm.org/way/901997108","54.22563973114464","-4.616074957839642","Glen Helen Glamping","","","camp_site","","https://www.glenhelenglamping.com","","","","","https://www.facebook.com/glenhelenglamping"
"10868989796","node","https://osm.org/node/10868989796","54.213173","-4.630163","Glen Helen House Apartment","","","apartment","","https://www.visitisleofman.com/stay/glen-helen-house-apartment-p1319111","","","","","https://www.facebook.com/glenhelenhouseapartment/"
"478680058","node","https://osm.org/node/478680058","54.161215","-4.4744","Glen Mona","","","guest_house","","https://www.hqbar.im/glenmona.php","","","","",""
"283505662","node","https://osm.org/node/283505662","54.282114","-4.592881","Glen Wyllin","","","camp_site","","https://www.isleofman.com/Business/g/glenwyllin","","","","",""
"829392799","way","https://osm.org/way/829392799","54.07925076483704","-4.750319925142808","Glendown Farm Camping and Glamping","","","camp_site","","https://glendownfarm.com/Camping/camping-and-glamping.htm","","","","",""
"893653070","way","https://osm.org/way/893653070","54.17225192282894","-4.545311191463948","Glenlough","","","camp_site","","https://www.glenloughcampsite.com/","","","","",""
"1732884687","node","https://osm.org/node/1732884687","54.318072","-4.432749","Glentramman","","","attraction","","","","","","",""
"81446769","way","https://osm.org/way/81446769","54.151877236019395","-4.478470401882209","Gloucester House","","","apartments","","http://www.gloucesterhouse.im/","","","","",""
"5117277517","node","https://osm.org/node/5117277517","54.202224","-4.470726","Gob-ny-Geay","","","attraction","Q5575386","","","","","",""
"8555436824","node","https://osm.org/node/8555436824","54.305433","-4.381823","Gooseneck","","","attraction","","","","","","",""
"11879076094","node","https://osm.org/node/11879076094","54.165941","-4.596628","Gorselands Holiday Cottage","","","chalet","","","","","","",""
"186073444","way","https://osm.org/way/186073444","54.17204850000001","-4.4687165","Governor's Bridge","","","attraction","Q5589441","","","","","",""
"10868094898","node","https://osm.org/node/10868094898","54.171815","-4.46829","Governor's Bridge","","","attraction","Q5589441","","","","","",""
"10871602930","node","https://osm.org/node/10871602930","54.172027","-4.468963","Governor's Dip","","","attraction","","","","","","",""
"186072536","way","https://osm.org/way/186072536","54.143347568858836","-4.467308576090491","Grand Union Camera Obscura","","","attraction","Q5595201","","","","","",""
"59392898","way","https://osm.org/way/59392898","54.16768068669368","-4.477847228559331","Grandstand","","","attraction","Q7671983","","","","","",""
"283519596","node","https://osm.org/node/283519596","54.086742","-4.652849","Great Meadow","","","attraction","","","","","","",""
"458533125","node","https://osm.org/node/458533125","54.196848","-4.605775","Greeba Bridge","","","attraction","Q5601577","","","","","",""
"801114012","node","https://osm.org/node/801114012","54.192709","-4.588866","Greeba Castle","","","attraction","","","","","","",""
"161340854","way","https://osm.org/way/161340854","54.112959401357294","-4.650949374916958","Grenaby Estates","","","chalet","","https://www.grenabyestates.com/","","","","",""
"907166087","way","https://osm.org/way/907166087","54.176827888823865","-4.42332650527042","Groudle Glen Cottages","","","hotel","","https://www.groudlecottages.com/","","","","",""
"1171624282","way","https://osm.org/way/1171624282","54.17857006823666","-4.430149357646663","Groudle Glen Water Wheel","","","attraction","Q6650443","","","","","",""
"1783400412","node","https://osm.org/node/1783400412","54.248009","-4.465036","Hailwood's Rise","","","attraction","","","","","","",""
"1745777551","node","https://osm.org/node/1745777551","54.250412","-4.589163","Handley's Corner","","","attraction","Q5647476","","","","","",""
"59400625","way","https://osm.org/way/59400625","54.06867399999999","-4.768095","Harry Kelly's Cottage","Harry Kelly's Cottage","Bwaane Harry Kelly","attraction","","","","","","",""
"10669350341","node","https://osm.org/node/10669350341","54.321386","-4.379429","Heritage lamp post","","","attraction","","","","","","",""
"12218335383","node","https://osm.org/node/12218335383","54.075022","-4.652911","Heron","","","artwork","","","","","","",""
"283484388","node","https://osm.org/node/283484388","54.187954","-4.474324","Hillberry Corner","","","attraction","Q5762625","","","","","",""
"963223864","way","https://osm.org/way/963223864","54.32856202497634","-4.395973480012777","Hillingford B&B","","","guest_house","","https://www.hillingford.com/","","","","",""
"10711123023","node","https://osm.org/node/10711123023","54.064106","-4.662648","Historic Scarlett Landscape","","","information","","https://culturevannin.im/exploremore/places/scarlett-landscape-386121/","","","","",""
"416526320","way","https://osm.org/way/416526320","54.153975992817834","-4.478546330532276","Hotel Halvard","","","hotel","","https://halvard.co.uk","","","","",""
"59700879","way","https://osm.org/way/59700879","54.22184137881081","-4.697672231000578","House of Manannan","House of Manannan","Thie Vanannin","museum","Q15069659","https://manxnationalheritage.im/our-sites/house-of-manannan/","","+44 1624 648090","","",""
"80822410","way","https://osm.org/way/80822410","54.164299911583335","-4.468730678285103","Hydro","","","hotel","","http://www.hydrohotel.co.im","","+44 1624 676870","","",""
"939199118","node","https://osm.org/node/939199118","54.164052","-4.468746","Inglewood","","","guest_house","","","","01624 674734","","",""
"162111451","way","https://osm.org/way/162111451","54.232362611664804","-4.52344042616353","Injebreck Cottage","","","chalet","","http://www.injebreckcottage.co.uk","","","","",""
"283488031","node","https://osm.org/node/283488031","54.09106","-4.676176","Iron Gates","","","attraction","","","","","","",""
"813624816","way","https://osm.org/way/813624816","54.16948251667709","-4.46331213709828","Isle of Man Camping","","","camp_site","","https://www.isleofmancamping.co.uk/","","+447624493848","","",""
"450259510","way","https://osm.org/way/450259510","54.35978648488426","-4.522850152293122","Isle of Man Motor Museum","","","museum","Q113363991","","","","","",""
"60007280","way","https://osm.org/way/60007280","54.08511485186447","-4.757821513895018","Isle of Man Railway Museum","","","museum","Q7230614","https://www.iombusandrail.im/heritage/museums/port-erin-railway-museum/","","","","",""
"12459262008","node","https://osm.org/node/12459262008","54.158177","-4.477658","Isle of Man Trike Tours","","","tours","","https://www.iomtriketours.com/","","07624 492444","","",""
"734998862","node","https://osm.org/node/734998862","54.148556","-4.47379","Isle of Man Welcome Centre","","","information","","","","","","",""
"10897674917","node","https://osm.org/node/10897674917","54.252642","-4.46272","Joey Dunlop","","","artwork","","","","","","",""
"1154467407","way","https://osm.org/way/1154467407","54.16165754832514","-4.505256312542588","Joey Dunlop Foundation","","","chalet","","https://www.joeydunlopfoundation.com","","","","",""
"59400559","way","https://osm.org/way/59400559","54.06877162513294","-4.7682181375292245","Joiner's Workshop","","","attraction","","","","","","",""
"1126017844","way","https://osm.org/way/1126017844","54.35901518220253","-4.52446390543297","Jurby Transport Museum","Jurby Transport Museum","Thie Tashtee Arraghey Yurby","museum","Q6314969","http://www.jtmiom.im/","","","","",""
"160411573","way","https://osm.org/way/160411573","54.196695041728354","-4.4166224716574245","Keeling Holiday Apartment","","","chalet","","http://www.keeling-im.com","","","","",""
"502533095","node","https://osm.org/node/502533095","54.19372","-4.628883","Kenaa Holiday Accommodation","","","chalet","","https://www.kennaa.com/holidayaccommodation.htm","","","","",""
"10717665419","node","https://osm.org/node/10717665419","54.213859","-4.47988","Keppel Gate","","","attraction","Q2364611","","","","","",""
"5063392621","node","https://osm.org/node/5063392621","54.135269","-4.668008","Kerroobeg","Kerroobeg","","viewpoint","","","","","","",""
"59582056","way","https://osm.org/way/59582056","54.135336782878994","-4.667926177893774","Kerroobeg Cottage","Kerroobeg Cottage","","guest_house","","","","","","",""
"10867731359","node","https://osm.org/node/10867731359","54.321085","-4.464745","Kerrowmoar","","","attraction","","","","","","",""
"105039289","way","https://osm.org/way/105039289","54.08442151647161","-4.726518127035653","Kilavrock","","","chalet","","","","","","",""
"477370931","node","https://osm.org/node/477370931","54.289476","-4.491632","Killeabraegga Cottage","","","chalet","","https://www.isleofmancottage.com/","","","","",""
"147204862","way","https://osm.org/way/147204862","54.22467950000001","-4.688225","Kimberly House Holiday Apartments","","","chalet","","http://www.kimberley-house.com/","","","","",""
"77818790","way","https://osm.org/way/77818790","54.16548936688148","-4.466936468526685","Kings Guest House","","","guest_house","Q118188672","http://www.kings.im","","+44 1624 620829","","",""
"475393870","node","https://osm.org/node/475393870","54.172099","-4.628717","Kionslieu Farm Cottages","","","chalet","","https://www.iomfarmholidays.com/","","","","",""
"475393405","node","https://osm.org/node/475393405","54.20924","-4.703765","Knockaloe Beg","","","guest_house","","https://www.knockaloebegfarm.com","","","","",""
"217687654","way","https://osm.org/way/217687654","54.20484923354902","-4.693814012297923","Knockaloe Internment Camp & Patrick Visitor Centre","","","museum","","https://www.knockaloe.im/","","","","",""
"4861893526","node","https://osm.org/node/4861893526","54.225066","-4.698562","Lady Fenella","","","artwork","","","","","","",""
"10858941284","node","https://osm.org/node/10858941284","54.235849","-4.613324","Lambfell","","","attraction","","","","","","",""
"475392931","node","https://osm.org/node/475392931","54.228388","-4.660284","Langtoft Manor","","","guest_house","","https://www.peel-holidays.com/","","","","",""
"10634772695","node","https://osm.org/node/10634772695","54.153458","-4.48428","Lansdowne","","","guest_house","","","","","","",""
"10858941214","node","https://osm.org/node/10858941214","54.218228","-4.632624","Laurel Bank","Laurel Bank","Cronk-y-Killey","attraction","Q6499754","","","","","",""
"54190207","way","https://osm.org/way/54190207","54.22882095166693","-4.397677679591051","Laxey Campsite","","","camp_site","","","","","","",""
"335683073","way","https://osm.org/way/335683073","54.238622792091014","-4.407364084377022","Laxey Wheel","Laxey Wheel","Queeyl Vooar Laksey","attraction","Q2046863","https://manxnationalheritage.im/our-sites/laxey-wheel/","","","","",""
"475395126","node","https://osm.org/node/475395126","54.37667","-4.457449","Leodest Farm","","","guest_house","","http://www.leodestfarm.co.uk","","","","",""
"349336145","way","https://osm.org/way/349336145","54.3203449045129","-4.491907570655363","Lezayre Parish Community Hall","","","hostel","","http://www.lezayreparish.org/community_hall.htm","","","","",""
"12195309141","node","https://osm.org/node/12195309141","54.167142","-4.463614","Little Haven","","","chalet","","https://www.visitisleofman.com/accommodation/little-haven-p1372061","","","","",""
"9023586433","node","https://osm.org/node/9023586433","54.152912","-4.479372","Loft 11","","","apartment","","","","","","enquiries@loft11.im",""
"11891204536","node","https://osm.org/node/11891204536","54.321056","-4.379616","Longboat Bench","","","artwork","","","","","","",""
"11891204537","node","https://osm.org/node/11891204537","54.320989","-4.379569","Longboat Bench","","","artwork","","","","","","",""
"438332821","way","https://osm.org/way/438332821","54.167280225482344","-4.456700542417171","M.E.R. Museum","","","museum","Q113337596","https://mers.org.im/pages/index/view/id/1154/MER%20Museum%20-%20Derby%20Castle%20Depot","","","","","https://www.facebook.com/Manx-Electric-Railway-Museum-675560865868301/"
"1154135527","way","https://osm.org/way/1154135527","54.15765447818879","-4.477628556994125","Mannin Hotel","","","hotel","","https://www.manninhotel.im/","","","","",""
"1273671095","way","https://osm.org/way/1273671095","54.32620570238555","-4.384247590290246","Mansail Ltd","","","attraction","","","","","+44 1624 814240","contact@adventure-centre.co.uk",""
"103485031","way","https://osm.org/way/103485031","54.08338793363213","-4.637641492609207","Manx Aviation and Military Museum","","","museum","Q15245777","https://www.maps.org.im/museum","","+44 1624 829294","","",""
"59279322","way","https://osm.org/way/59279322","54.154278556357355","-4.481424687499141","Manx Museum","Manx Museum","Thie Tashtee Vannin","museum","Q11988082","https://manxnationalheritage.im/our-sites/manx-museum/","","","","",""
"146890336","way","https://osm.org/way/146890336","54.22075820771372","-4.69888690214544","Manx Transport Heritage Museum","","","museum","","","","","","","https://www.facebook.com/ManxTransportHeritageMuseum"
"147191858","way","https://osm.org/way/147191858","54.22290756219706","-4.693208196521554","Manx Whale and Dolphin Watch","","","information","","","","","","",""
"12465183277","node","https://osm.org/node/12465183277","54.076831","-4.738786","Marina House","","","hostel","","","","","","",""
"77415355","way","https://osm.org/way/77415355","54.14068417765075","-4.470882414358387","Marine Drive Old Toll Gate","","","attraction","Q118188570","","","","","",""
"2388000716","node","https://osm.org/node/2388000716","54.183971","-4.566128","Marown Parish Comissioners","","","information","","","","","","",""
"1745777565","node","https://osm.org/node/1745777565","54.25438","-4.585168","McGuinness's","","","attraction","","","","","","",""
"1147859234","way","https://osm.org/way/1147859234","54.211011500000005","-4.508147","Meadow Cottage","","","chalet","","https://www.relaxatballawyllin.co.uk/properties/orchard-cottage","","","","",""
"11197682133","node","https://osm.org/node/11197682133","54.067459","-4.773671","Meadows","","","information","","","","","","",""
"1236560744","way","https://osm.org/way/1236560744","54.153035999999986","-4.482728000000001","Melrose Guest House","","","guest_house","","http://www.melroseguesthouse.co.uk","","","","",""
"1444498174","way","https://osm.org/way/1444498174","54.16149327525461","-4.474978090279384","Mereside","","","hotel","","https://hqbar.im/","","","","",""
"6918863985","node","https://osm.org/node/6918863985","54.28691","-4.587425","Michael United AFC Campsite","","","camp_site","","https://www.visitisleofman.com/trade/information/product-catch-all/michael-utd-afc-campsite-p1287451","","","","",""
"10742329750","node","https://osm.org/node/10742329750","54.319909","-4.404317","Milntown Apartments","","","chalet","","https://www.milntown.org/apartments-568920/","","","","",""
"412956708","way","https://osm.org/way/412956708","54.319878593436044","-4.4040672251798325","Milntown Estate & Gardens","","","attraction","Q118188757","https://www.milntown.org/","","","","",""
"1745777545","node","https://osm.org/node/1745777545","54.241574","-4.606308","Molyneux's","","","attraction","","","","","","",""
"416526333","way","https://osm.org/way/416526333","54.15291180579245","-4.478589356126349","Monaville Hotel","","","hotel","","","","","","",""
"475392854","node","https://osm.org/node/475392854","54.278359","-4.443333","Mountain Box","","","attraction","","","","","","",""
"480448003","node","https://osm.org/node/480448003","54.181641","-4.453893","Mullen Beg","","","guest_house","","http://www.mullenbeg.com","","","","",""
"1219367462","node","https://osm.org/node/1219367462","54.111063","-4.64357","Mullin-y-Carty","","Mullin-y-Carty","camp_site","","","","","","",""
"1950174701","node","https://osm.org/node/1950174701","54.117896","-4.586479","Murray's Motorcycle Museum","Murray's Motorcycle Museum","","museum","Q113363908","https://www.murraysmotorcyclemuseum.com","","","","","https://www.facebook.com/murraysmotorcyclemuseum/"
"159151053","way","https://osm.org/way/159151053","54.08346411704392","-4.6377810897823135","Museum of the Manx Regiment","","","museum","","https://www.maps.org.im/regimental-museum","","","","",""
"230786158","way","https://osm.org/way/230786158","54.06908672256913","-4.768164137195732","National Folk Museum","National Folk Museum","","museum","Q113363904","https://manxnationalheritage.im/our-sites/cregneash/","","","","",""
"10135859524","node","https://osm.org/node/10135859524","54.250257","-4.642064","Natural Arch","","","attraction","","","","","","",""
"283522771","node","https://osm.org/node/283522771","54.163854","-4.740051","Niarbyl","","","viewpoint","Q11171886","","","","","",""
"62393623","way","https://osm.org/way/62393623","54.16341426258098","-4.740439141053443","Niarbyl Cottages","","","attraction","Q118188791","","","","","",""
"7151277585","node","https://osm.org/node/7151277585","54.318194","-4.377193","Nine Carlton Grove","","","apartment","","https://www.visitisleofman.com/stay/nine-carlton-grove-p1360601","","","","",""
"12558742450","node","https://osm.org/node/12558742450","54.072906","-4.652163","Old Grammar School","","","museum","Q113363905","https://manxnationalheritage.im/our-sites/old-grammar-school/","","","","",""
"100464798","way","https://osm.org/way/100464798","54.07340795629579","-4.652131417528089","Old House of Keys","Old House of Keys","Shenn Thie Yn Chiare As Feed","museum","Q2018393","https://manxnationalheritage.im/our-sites/old-house-of-keys/","","","","",""
"1169018153","way","https://osm.org/way/1169018153","54.186048617835446","-4.41200634993786","Old Lonan crosses","","","attraction","","https://www.imuseum.im/search/places/search?tab=places&view=&term=Manx+Cross&size=80","","","","",""
"12189766747","node","https://osm.org/node/12189766747","54.22238","-4.694298","Old Post Office Flat","","","apartment","","https://www.visitisleofman.com/stay/old-post-office-flat-p1290061","","","","",""
"12153659500","node","https://osm.org/node/12153659500","54.32173","-4.380617","Old post boxes","","","attraction","","","","","","",""
"9851665917","node","https://osm.org/node/9851665917","54.05386","-4.822092","Or Vooar","","Or Vooar","attraction","","","","","","",""
"9851666517","node","https://osm.org/node/9851666517","54.056006","-4.824416","Or Vooar","","Or Vooar","attraction","","","","","","",""
"1147859239","way","https://osm.org/way/1147859239","54.21101100474377","-4.507428435540297","Orchard Cottage","","","chalet","","https://www.relaxatballawyllin.co.uk/properties/orchard-cottage","","","","",""
"59284246","way","https://osm.org/way/59284246","54.162649699567666","-4.471726459282744","Palace Hotel & Casino","","","hotel","","https://www.palacehotelcasino.co.im/","","+44 1624 662662","","",""
"283494345","node","https://osm.org/node/283494345","54.322196","-4.386679","Parliament Square","","","attraction","Q7138921","","","","","",""
"6174710385","node","https://osm.org/node/6174710385","54.355675","-4.549967","Pasages Shipwreck","","","attraction","Q30598409","","","","","",""
"150653480","way","https://osm.org/way/150653480","54.22200639657406","-4.682366360247712","Peel Camping Park","","","camp_site","","https://www.peelonline.net/wheretostay/campsite.htm","","","","",""
"59700905","way","https://osm.org/way/59700905","54.22646384929785","-4.698924270828984","Peel Castle","Peel Castle","Cashtal Phurt ny h-Inshey","attraction","Q2660524","https://manxnationalheritage.im/our-sites/peel-castle/","","","","",""
"25986488","way","https://osm.org/way/25986488","54.155704","-4.501291500000001","Peel Road","","","attraction","","","","","","",""
"186060138","way","https://osm.org/way/186060138","54.1558905","-4.5016525000000005","Peel Road","","","attraction","","","","","","",""
"10688639709","node","https://osm.org/node/10688639709","54.291434","-4.579422","Pennybridge TT Campsite","","","camp_site","","","","","","","https://www.facebook.com/pbcampsiteiom/"
"476150244","node","https://osm.org/node/476150244","54.16358","-4.469476","Penta Hotel","","","hotel","","https://www.penta.im","","","","",""
"502292316","node","https://osm.org/node/502292316","54.221071","-4.40022","Pinfold Cottage","","","chalet","","https://www.pinfoldholidaycottage.com/","","","","",""
"164658115","way","https://osm.org/way/164658115","54.15463904845327","-4.479172030931297","Pitcairn","","","hotel","","","","","","",""
"82726598","way","https://osm.org/way/82726598","54.15044730864441","-4.480109572509466","Premier Inn","","","hotel","","https://www.premierinn.com/gb/en/hotels/england/isle-of-man/douglas/douglas-isle-of-man.html","","","","",""
"1151886562","node","https://osm.org/node/1151886562","54.315591","-4.513742","Quarry Bends","","","attraction","Q7269208","","","","","",""
"186060139","way","https://osm.org/way/186060139","54.155766259905185","-4.501419370203464","Quarterbridge","","","attraction","Q7269285","","","","","",""
"1300558126","way","https://osm.org/way/1300558126","54.15572575995262","-4.501416666338647","Quarterbridge","","","attraction","Q7269285","","","","","",""
"12766378822","node","https://osm.org/node/12766378822","54.07701","-4.738679","RNLI Community Mosaic","","","artwork","","","","","","",""
"11104889311","node","https://osm.org/node/11104889311","54.166997","-4.452613","Raad Ny Foillan Obelisk","","","information","","","","","","",""
"11109516684","node","https://osm.org/node/11109516684","54.226263","-4.684725","Raad Ny Foillan Obelisk","","","information","","","","","","",""
"11109545170","node","https://osm.org/node/11109545170","54.324086","-4.381113","Raad Ny Foillan Obelisk","","","information","","","","","","",""
"11109547846","node","https://osm.org/node/11109547846","54.08824","-4.759137","Raad Ny Foillan Obelisk","","","information","","","","","","",""
"102638470","way","https://osm.org/way/102638470","54.32138378191711","-4.380152858998885","Ramsey Art Gallery","","","artwork","","http://www.ramseyartgallery.com/","","","","",""
"8555436839","node","https://osm.org/node/8555436839","54.312892","-4.384994","Ramsey Hairpin","","","attraction","Q7290218","","","","","",""
"102734588","way","https://osm.org/way/102734588","54.32823208629096","-4.38390759163583","Ramsey Park Hotel","","","hotel","","https://www.classiclodges.co.uk/ramsey-park/","","","","","https://www.facebook.com/ramseyparkhotel/"
"10607193606","node","https://osm.org/node/10607193606","54.320899","-4.384728","Ramsey Town Commissioners","","","information","","","","","","",""
"10169482882","node","https://osm.org/node/10169482882","54.137479","-4.52231","Real Fairy Bridge","","","attraction","","","","","","",""
"12188621813","node","https://osm.org/node/12188621813","54.163507","-4.46964","Regal","","","hotel","","","","","","",""
"80822489","way","https://osm.org/way/80822489","54.16624956048364","-4.465310967922684","Regency Hotel","","","hotel","","https://www.regency.im","","","","",""
"475393967","node","https://osm.org/node/475393967","54.234365","-4.589538","Rhenass Christian Retreat","Rhenass Christian Retreat","Mullen Rhenass","hotel","","https://www.rhenassretreat.org.uk/","","+441624878474","","",""
"8378507536","node","https://osm.org/node/8378507536","54.229613","-4.597069","Rhenass Waterfall","","","attraction","","","","","","",""
"13102566469","node","https://osm.org/node/13102566469","54.096279","-4.706065","Romance of The Colby River Trail","","","information","","","","","","",""
"13102566470","node","https://osm.org/node/13102566470","54.096148","-4.706015","Romance of The Colby River Trail","","","information","","","","","","",""
"166769263","way","https://osm.org/way/166769263","54.202494103284245","-4.658038033912761","Rose Cottage","","","chalet","","https://www.visitisleofman.com/stay/rose-cottage-st-johns-p1290221","","","","",""
"38300993","way","https://osm.org/way/38300993","54.0983004291597","-4.6345065455351655","Rushen Abbey","","","museum","Q1476797","","","","","",""
"60783823","way","https://osm.org/way/60783823","54.098548296103864","-4.6339580307170225","Rushen Abbey Visitor Centre","","","museum","","","","","","",""
"60007299","way","https://osm.org/way/60007299","54.086297478511725","-4.756017471277423","Rushen Heritage Centre","Rushen Heritage Centre","Ynnyd Eiraght Rushen","information","","","","","","",""
"12188621816","node","https://osm.org/node/12188621816","54.163898","-4.468978","Rutland","","","hotel","","https://www.sleepwellhotels.com/rutland/","","","","",""
"9332491586","node","https://osm.org/node/9332491586","54.168116","-4.531051","Saba's Glen Yurt","","","chalet","","https://www.sabasglenyurt.com/","","","","",""
"727475963","node","https://osm.org/node/727475963","54.147836","-4.482691","Sail Lofts","","","guest_house","","https://www.saillofts.im","","+44 1624 625005","","",""
"65750687","way","https://osm.org/way/65750687","54.19024531880979","-4.579893968751476","Saint Trinian's","Saint Trinian's","Keeill Brisht","attraction","Q17561024","","","","","",""
"4115148160","node","https://osm.org/node/4115148160","54.120315","-4.581489","Santon Country Retreat","","","hotel","","https://www.visitisleofman.com/stay/santon-country-retreat-p1287691","","","","",""
"901966252","way","https://osm.org/way/901966252","54.22799062248348","-4.620185325706698","Sarah's Cottage","","","chalet","Q7421997","https://www.sarahscottageiom.com","","","","",""
"8378219631","node","https://osm.org/node/8378219631","54.228072","-4.620199","Sarah's Cottage","","","attraction","Q7421997","","","","","",""
"80830551","way","https://osm.org/way/80830551","54.161343829062034","-4.473626627194427","Savoy","","","hotel","","https://www.savoyiom.com/","","","","",""
"100540301","way","https://osm.org/way/100540301","54.06413417388214","-4.662666862723365","Scarlett Nature Discovery Centre","","","information","","https://www.gov.im/tourism/culture/attractions/scarlett_attract.xml","","","","",""
"10711123024","node","https://osm.org/node/10711123024","54.064137","-4.662629","Scarlett Visitor Centre and Nature Trail","","","information","","","","","","",""
"1732876575","node","https://osm.org/node/1732876575","54.320618","-4.393594","School House Corner","","","attraction","Q7432270","","","","","",""
"163759545","way","https://osm.org/way/163759545","54.08747046476832","-4.758240277540964","Sea Front","Sea Front","","apartments","","http://www.seafront.moonfruit.com/","","+44 1624 835220","","",""
"1149382527","way","https://osm.org/way/1149382527","54.30777283049706","-4.3472041890679645","Seabank Cottage","","","chalet","","https://www.visitisleofman.com/stay/seabank-cottage-p1375841","","","","",""
"1444498169","way","https://osm.org/way/1444498169","54.160831403788904","-4.475509748073213","Seaview Hotel","","","hotel","","","","","","",""
"59541016","way","https://osm.org/way/59541016","54.08614111209198","-4.63848338543937","Sefton Express","","","hotel","","https://www.seftonexpress.co.uk/","","","","",""
"62390312","way","https://osm.org/way/62390312","54.08512866047707","-4.720738905448485","Shore Hotel","","","hotel","","https://www.theshoregansey.com","","+44 1624 832269","","",""
"458533098","node","https://osm.org/node/458533098","54.179767","-4.470014","Signpost Corner","","","attraction","Q7513018","","","","","",""
"604743423","way","https://osm.org/way/604743423","54.322820288393885","-4.4246966041727545","Silly Moos Campsite","","","camp_site","","https://sillymooscampsite.co.uk","","","","",""
"604743424","way","https://osm.org/way/604743424","54.32145057162733","-4.426403718155012","Silly Moos Campsite Caravan","","","caravan_site","","","","","","",""
"939199116","node","https://osm.org/node/939199116","54.164109","-4.468655","Silvercraigs","","","hotel","","","","01624 677776","","",""
"10862106479","node","https://osm.org/node/10862106479","54.166727","-4.463177","Sir Hall Caine","","","artwork","","","","","","",""
"735916611","node","https://osm.org/node/735916611","54.143246","-4.468501","Sir William Hillary","","","artwork","","","","","","",""
"254847409","way","https://osm.org/way/254847409","54.3874999340979","-4.436644549951517","Smeale Farm Cottages","","","chalet","","https://www.manxfarmhols.com/","","","","",""
"335683665","way","https://osm.org/way/335683665","54.23341390446364","-4.40526587440745","Snaefell Mine Waterwheel","","","attraction","Q7546896","http://www.snaefellwheel.com/","","","","",""
"283500807","node","https://osm.org/node/283500807","54.166899","-4.516311","Snugborough","","","attraction","","","","","","",""
"166769399","way","https://osm.org/way/166769399","54.193896751837954","-4.619727310095354","Soalt Vooar I, Kerrowgarrow Farm Cottages","","","chalet","","https://www.isleofman.com/Business/k/kerrowgarrow/","","","","",""
"166769400","way","https://osm.org/way/166769400","54.193898499999996","-4.619512999999999","Soalt Vooar II, Kerrowgarrow Farm Cottages","","","chalet","","https://www.isleofman.com/Business/k/kerrowgarrow/","","","","",""
"82626204","way","https://osm.org/way/82626204","54.14968604711044","-4.66899555122313","South Barrule Hill Fort","","","attraction","Q31103018","","","","","",""
"10862209336","node","https://osm.org/node/10862209336","54.079502","-4.661567","Southern 100 start line","","","attraction","","","","","","",""
"1152682075","way","https://osm.org/way/1152682075","54.09121807045565","-4.760878292425495","Spaldrick View","","","chalet","","","","","","",""
"11161441105","node","https://osm.org/node/11161441105","54.066871","-4.771737","Spanish Head Road","","","information","","","","","","",""
"10693193695","node","https://osm.org/node/10693193695","54.199963","-4.638457","St John's United Football Club Campsite","","","camp_site","","https://www.stjohnsfootballclub.com/","","","","",""
"283519166","node","https://osm.org/node/283519166","54.165269","-4.483925","St Ninian's Crossroads","","","attraction","Q5187110","","","","","",""
"11229561712","node","https://osm.org/node/11229561712","54.168107","-4.575737","St Patrick's Chair","","","information","","","","","","",""
"283495997","node","https://osm.org/node/283495997","54.080779","-4.656045","Stadium Bends","","","attraction","","","","","","",""
"147204873","way","https://osm.org/way/147204873","54.22451680667577","-4.688718485780204","Stanley House","","","chalet","","","","","","",""
"149788099","way","https://osm.org/way/149788099","54.168896711012906","-4.729583859078515","Stansfield House","","","chalet","","http://www.stansfield-iom.com","","","","",""
"1697728716","node","https://osm.org/node/1697728716","54.314761","-4.382963","Stella Maris","","","attraction","","","","","","",""
"9970463030","node","https://osm.org/node/9970463030","54.16698","-4.455227","Steve Hislop Memorial","","","artwork","","","","","","",""
"81446781","way","https://osm.org/way/81446781","54.15049979360172","-4.477925430722013","Sugarland Hotel","","","hotel","","http://www.gov.im/tourism/accommodation/properties/SV70%7B23CE477E-1C24-DE11-BB88-00155D016A2D%7D.qry?datefrom_Day=14&datefrom_Month=10&datefrom_Year=2010&nights=1&area=1&type=13&Type_Single=&Type_Twin=&Type_Double=&Type_Triple=&Type_FourOrMore=&facility=","","","","",""
"902050657","way","https://osm.org/way/902050657","54.316145406462994","-4.482375003644512","Sulby Claddagh","","","camp_site","","","","","","",""
"11014683949","node","https://osm.org/node/11014683949","54.315578","-4.488666","Sulby Starch Mill Stones","","","information","","","","","","",""
"12150059664","node","https://osm.org/node/12150059664","54.151096","-4.48292","T. E. Brown","","","artwork","","","","","","",""
"3666167636","node","https://osm.org/node/3666167636","54.160653","-4.479874","The Ashton","","","hotel","","","","","","",""
"101833417","way","https://osm.org/way/101833417","54.08386468176852","-4.762543272533579","The Bay Hotel","","","hotel","","","","","","",""
"10887131646","node","https://osm.org/node/10887131646","54.150303","-4.477046","The Bee Gees","","","artwork","Q107626024","","","","","",""
"10858616256","node","https://osm.org/node/10858616256","54.220461","-4.626835","The Blackdub","","","attraction","","https://www.theblackdub.com","","","","",""
"158903140","way","https://osm.org/way/158903140","54.15856680231296","-4.476520280773728","The Blossoms","","","guest_house","","https://www.visitisleofman.com/stay/the-blossoms-on-the-bay-p1287731","","","","",""
"829273200","way","https://osm.org/way/829273200","54.07331525827767","-4.652564478153232","The Castle Apartments","","","apartment","","https://castleapartments.im","","+44 7624 311103","","",""
"81446763","way","https://osm.org/way/81446763","54.152377037376546","-4.4785674758528655","The Chesterhouse Hotel","","","hotel","","https://www.sleepwellhotels.com/hotels/isle_of_man/chesterhouse","","","","",""
"39658905","way","https://osm.org/way/39658905","54.31811986207386","-4.5141646392142425","The Curraghs Wildlife Park","","","zoo","Q5194933","https://www.curraghswildlifepark.im","","+44 1624 897323","","","https://www.facebook.com/curraghswildlifepark"
"10685384491","node","https://osm.org/node/10685384491","54.170651","-4.728765","The Dalby Hub Bunkhouse","","","chalet","","http://www.stjamesdalby.org/the-bunkhouse.html","","","","",""
"10864523373","node","https://osm.org/node/10864523373","54.154749","-4.478381","The Dancers","","","artwork","","","","","","",""
"1206734899","way","https://osm.org/way/1206734899","54.158020626452235","-4.478483264971063","The Devonian","","","guest_house","","https://www.thedevonian.co.uk/","","","","","https://www.facebook.com/TheDevonianIOM/"
"80822456","way","https://osm.org/way/80822456","54.16444820559941","-4.468756732586885","The Edelweiss","","","hotel","","http://www.edelweiss-hotel.co.uk","","","","",""
"80830546","way","https://osm.org/way/80830546","54.15941045247254","-4.475814720849407","The Empress","","","hotel","","https://www.theempresshotel.net/","","","","",""
"1444498164","way","https://osm.org/way/1444498164","54.16060466824076","-4.475263477326371","The Fairfield","","","hotel","","https://iomguesthouse.com","","","","",""
"60048757","way","https://osm.org/way/60048757","54.08521629786938","-4.7588651200177985","The Falcons Nest Hotel","","","hotel","","https://www.thenest.im","","+44 1624 834077","","",""
"3427837027","node","https://osm.org/node/3427837027","54.233833","-4.405198","The Great Laxey Mine Railway","","","attraction","Q2962387","","","","","",""
"459976551","node","https://osm.org/node/459976551","54.332103","-4.394921","The Grove Museum","","Thie Tashtee 'Yn Chell'","museum","Q18435175","https://manxnationalheritage.im/our-sites/grove-museum-of-victorian-life/","","","","",""
"801113963","node","https://osm.org/node/801113963","54.190237","-4.581696","The Highlander","","","attraction","","","","","","",""
"1241477862","way","https://osm.org/way/1241477862","54.160351887513364","-4.480938461396744","The Hutchinson Apartments","","","hotel","","https://www.visitisleofman.com/stay/the-hutchinson-apartments-p1304121","","+44 7624 253999","","",""
"1444498159","way","https://osm.org/way/1444498159","54.16079851517421","-4.474762609201917","The Island","","","hotel","","https://iomguesthouse.com","","","","",""
"146833068","way","https://osm.org/way/146833068","54.223990070624986","-4.697340637342288","The Leece Museum","","","museum","Q6515736","https://www.peelonline.net/leece/","","","","",""
"10862149551","node","https://osm.org/node/10862149551","54.086944","-4.634888","The Legs of Man","","","artwork","","","","","","",""
"11125998689","node","https://osm.org/node/11125998689","54.204117","-4.650702","The Lost Wife of Ballaleece","","","artwork","","","","","","",""
"11197682135","node","https://osm.org/node/11197682135","54.068394","-4.771133","The Meadow Field","","","information","","","","","","",""
"11125998681","node","https://osm.org/node/11125998681","54.214076","-4.698737","The Moddey Dhoo of Peel Castle","","","artwork","","","","","","",""
"91347977","way","https://osm.org/way/91347977","54.07388168984524","-4.650770127044686","The Nautical Museum","The Nautical Museum","Yn Thie Tashtee Lhuingey","museum","Q113363906","https://manxnationalheritage.im/our-sites/nautical-museum/","","","","",""
"170515399","way","https://osm.org/way/170515399","54.17437069277236","-4.458156088250563","The Old Stable","","","chalet","","https://www.theoldstable.com/","","","","",""
"112577117","way","https://osm.org/way/112577117","54.28981699999999","-4.581263000000001","The Old Vicarage","","","museum","","","","","","",""
"12111433269","node","https://osm.org/node/12111433269","54.063547","-4.792657","The Parade","","","information","","","","","","",""
"104422694","way","https://osm.org/way/104422694","54.09632381212876","-4.757141865877459","The Pines","","","chalet","","https://www.thepines-iom.com/","","","","",""
"59285948","way","https://osm.org/way/59285948","54.154914245283095","-4.478962571478611","The Sefton","","","hotel","","https://www.seftonhotel.co.im/","","","","",""
"10853994042","node","https://osm.org/node/10853994042","54.076099","-4.653834","The Signet Studio","","","apartment","","","","","","",""
"59400571","way","https://osm.org/way/59400571","54.06951490268928","-4.768314597926103","The Smithy","","","attraction","","","","","","",""
"103786664","way","https://osm.org/way/103786664","54.079059606035536","-4.751361860129244","The Stable at Glendown Farm","","","chalet","","https://glendownfarm.com/","","","","",""
"524413598","way","https://osm.org/way/524413598","54.31947021852221","-4.4923623902907766","The Sulby Glen Hotel","","","hotel","","https://www.sulbyglenhotel.com","","","","",""
"477372456","node","https://osm.org/node/477372456","54.350427","-4.510566","The Swiss Chalet","","","chalet","","http://www.the-swiss-chalet.com","","","","",""
"81446779","way","https://osm.org/way/81446779","54.15108303971311","-4.478223387670067","The Town House","","","hotel","","https://www.thetownhouse.im/","","","","",""
"8555436710","node","https://osm.org/node/8555436710","54.262939","-4.449376","The Verandah","","","attraction","Q7920880","","","","","",""
"1308982224","way","https://osm.org/way/1308982224","54.15719789814274","-4.486418791419532","The Victorian House","","","guest_house","","","","","","",""
"162913664","way","https://osm.org/way/162913664","54.0947065","-4.762482","The Views Cottage","","","chalet","","http://www.theviewscottage.co.uk","","","","",""
"1211313378","way","https://osm.org/way/1211313378","54.06884195130698","-4.76886350805351","The Weaver's House","","","attraction","","","","","","",""
"105039278","way","https://osm.org/way/105039278","54.08475057334511","-4.729372244644319","The White House","","","chalet","","","","","","",""
"101784664","way","https://osm.org/way/101784664","54.07185599999999","-4.738327499999999","Thie Fuinnee","","","chalet","","https://www.islandescapes.im/property/564099","","","","",""
"283514446","node","https://osm.org/node/283514446","54.16834","-4.477245","Tourist Trophy course start line","","","attraction","","","","","","",""
"283524120","node","https://osm.org/node/283524120","54.307727","-4.381138","Tower Bends","","","attraction","Q7829630","","","","","",""
"11197748568","node","https://osm.org/node/11197748568","54.106338","-4.638329","Trail Lodge","","","guest_house","Q111115959","https://www.traillodge.im","","","","","https://www.facebook.com/traillodge.im/"
"12188621815","node","https://osm.org/node/12188621815","54.163754","-4.469184","Trevelyan","","","hotel","","http://www.trevelyanhotel.co.uk","","","","",""
"9473024606","node","https://osm.org/node/9473024606","54.321493","-4.381068","Two Kings of Mann","","","artwork","","","","","","",""
"79141576","way","https://osm.org/way/79141576","54.15080787311761","-4.4815020394151475","Tynwald","Tynwald","Tinvaal","attraction","Q827704","https://www.tynwald.org.im/","","","","",""
"40566046","way","https://osm.org/way/40566046","54.20374940525981","-4.6423246523201485","Tynwald Hill","Tynwald Hill","Cronk Keeill Eoin","attraction","Q62647872","","","","","",""
"11891204538","node","https://osm.org/node/11891204538","54.321025","-4.379595","Viking","","","artwork","","","","","","",""
"147204835","way","https://osm.org/way/147204835","54.22471275562086","-4.688123537367017","Waldick Hotel","","","hotel","","https://www.waldickhotel.co.uk/","","","","",""
"12463077642","node","https://osm.org/node/12463077642","54.077396","-4.650804","Wallaby","","","artwork","","","","","","",""
"165795669","way","https://osm.org/way/165795669","54.18394876145434","-4.708763616727517","Waterfall Barn","","","chalet","","http://www.glenmaye.com/","","","","",""
"1697727831","node","https://osm.org/node/1697727831","54.313212","-4.376976","Waterworks","","","attraction","Q7973426","","","","","",""
"1444498172","way","https://osm.org/way/1444498172","54.16127245740775","-4.475193620581276","Welbeck Hotel","","","hotel","","https://www.welbeckhotel.com/","","+44 1624 675663","","",""
"1037716702","way","https://osm.org/way/1037716702","54.17469198820086","-4.4529814224730515","Welch House","","","chalet","Q118188781","https://www.visitisleofman.com/stay/welch-house-p1341791","","","","",""
"11807118421","node","https://osm.org/node/11807118421","54.05502","-4.62501","West Cottage","","","chalet","","https://www.isle-of-man-holiday.com/accommodation/west/","","","","",""
"101393009","way","https://osm.org/way/101393009","54.084809757759515","-4.7486742150011345","West Lodge","","","guest_house","","https://westlodgeiom.com/","","01624 832346","","",""
"12170333968","node","https://osm.org/node/12170333968","54.321267","-4.380193","When I Grow Up","","","artwork","","","","","","",""
"475392887","node","https://osm.org/node/475392887","54.337255","-4.536645","White Gables Cottage","","","chalet","","https://www.visitisleofman.com/accommodation/white-gables-cottage-p1290711","","","","",""
"283504477","node","https://osm.org/node/283504477","54.316953","-4.383706","Whitegates","","","attraction","Q7995941","","","","","",""
"453426276","node","https://osm.org/node/453426276","54.160713","-4.479984","Wicklow Hills","","","guest_house","","https://www.wicklowhills.com/","","","","",""
"10862294645","node","https://osm.org/node/10862294645","54.094679","-4.664709","Williams Corner","","","attraction","","","","","","",""
"165849970","way","https://osm.org/way/165849970","54.273573999999996","-4.5751295","Willow Nook Cottages","","","chalet","","https://www.willownook.com/","","","","",""
"101845108","way","https://osm.org/way/101845108","54.08394362242805","-4.759458104151313","Windways","","","chalet","","","","","","",""
"475393909","node","https://osm.org/node/475393909","54.230899","-4.471415","Windy Corner","","","attraction","","","","","","",""
"62226362","way","https://osm.org/way/62226362","54.15461953123255","-4.47908044580305","Wyndham","","","hotel","","https://alphamanagementservices.co.uk/","","+44 1624 676913","","",""
"147604396","way","https://osm.org/way/147604396","54.221470000000004","-4.693190499999999","Yn Shenn Vaaiegh","The Old Byre","Yn Shenn Vaaiegh","chalet","","https://www.theoldbyrepeel.co.uk/","","","","",""
"1146666776","way","https://osm.org/way/1146666776","54.38181485778748","-4.497207442852351","Yn Thie Thooit","","","chalet","Q118188556","https://www.islandescapes.im/property/562727","","","","",""
"101959623","way","https://osm.org/way/101959623","54.06846486365669","-4.7393715289409375","","","","guest_house","","","","","","",""
"109881530","way","https://osm.org/way/109881530","54.332590624426125","-4.559056438452009","","","","picnic_site","","","","","","",""
"232178671","way","https://osm.org/way/232178671","54.10819981681754","-4.554038810278166","","","","artwork","","","","","","",""
"283488566","node","https://osm.org/node/283488566","54.103678","-4.729075","","","","picnic_site","","","","","","",""
"283500649","node","https://osm.org/node/283500649","54.203791","-4.64281","","","","viewpoint","","","","","","",""
"283501121","node","https://osm.org/node/283501121","54.271737","-4.606389","","","","picnic_site","","","","","","",""
"347335439","node","https://osm.org/node/347335439","54.312694","-4.381617","","","","viewpoint","","","","","","",""
"525893321","way","https://osm.org/way/525893321","54.27635550000001","-4.492120000000001","","","","guest_house","","https://www.visitisleofman.com/stay/tholt-y-will-b-and-b-p1365831","","","","","https://www.facebook.com/profile.php?id=100063914984739"
"525893326","way","https://osm.org/way/525893326","54.277328742707475","-4.491301931133718","","","","gallery","","","","","","",""
"526730815","way","https://osm.org/way/526730815","54.28478663591987","-4.382839517118211","","","","artwork","","","","","","",""
"549539741","node","https://osm.org/node/549539741","54.163292","-4.740428","","","","viewpoint","","","","","","",""
"572714622","way","https://osm.org/way/572714622","54.2498476522394","-4.376625669846306","","","","picnic_site","","","","","","",""
"727802289","node","https://osm.org/node/727802289","54.068219","-4.737015","","","","picnic_site","","","","","","",""
"756012451","node","https://osm.org/node/756012451","54.157036","-4.642757","","","","picnic_site","","","","","","",""
"828250233","way","https://osm.org/way/828250233","54.08329881064974","-4.637955361845958","","","","attraction","","https://www.maps.org.im/news/embraer-bandeirante","","","","",""
"828481351","way","https://osm.org/way/828481351","54.08672578606015","-4.6283986256152545","","","","attraction","","","","","","",""
"888210375","way","https://osm.org/way/888210375","54.22462623141101","-4.392509919719436","","","","chalet","","","","","","",""
"890094490","way","https://osm.org/way/890094490","54.17811513623106","-4.694926025028363","","","","picnic_site","","","","","","",""
"904484692","way","https://osm.org/way/904484692","54.06318608767647","-4.769626154750699","","","","museum","","","","","","",""
"904851022","way","https://osm.org/way/904851022","54.27067349191893","-4.5842391920673435","","","","picnic_site","","","","","","",""
"907166088","way","https://osm.org/way/907166088","54.17684966363349","-4.424068950059536","","","","chalet","","","","","","",""
"907166089","way","https://osm.org/way/907166089","54.17698274091498","-4.424067781443721","","","","chalet","","","","","","",""
"907166090","way","https://osm.org/way/907166090","54.17711124338855","-4.424135571228485","","","","chalet","","","","","","",""
"907166091","way","https://osm.org/way/907166091","54.17726133757539","-4.424277932499047","","","","chalet","","","","","","",""
"907166092","way","https://osm.org/way/907166092","54.177350000000004","-4.424448","","","","chalet","","","","","","",""
"907166093","way","https://osm.org/way/907166093","54.17743450000001","-4.424583500000001","","","","chalet","","","","","","",""
"907166094","way","https://osm.org/way/907166094","54.176756100878805","-4.423696177318033","","","","chalet","","","","","","",""
"907166095","way","https://osm.org/way/907166095","54.17689924896702","-4.423675857665466","","","","chalet","","","","","","",""
"907166096","way","https://osm.org/way/907166096","54.17703","-4.423706499999999","","","","chalet","","","","","","",""
"907166097","way","https://osm.org/way/907166097","54.17716642415503","-4.423778609555888","","","","chalet","","","","","","",""
"907166098","way","https://osm.org/way/907166098","54.176490493188155","-4.423381183420261","","","","chalet","","","","","","",""
"907166099","way","https://osm.org/way/907166099","54.176617960257786","-4.423358370337511","","","","chalet","","","","","","",""
"907166100","way","https://osm.org/way/907166100","54.17674802684713","-4.423357913367168","","","","chalet","","","","","","",""
"907166101","way","https://osm.org/way/907166101","54.17687702684714","-4.423370913367167","","","","chalet","","","","","","",""
"907166102","way","https://osm.org/way/907166102","54.177155500000005","-4.4232404999999995","","","","chalet","","","","","","",""
"907166103","way","https://osm.org/way/907166103","54.177288707775034","-4.423320595682036","","","","chalet","","","","","","",""
"907166104","way","https://osm.org/way/907166104","54.1772625","-4.422907000000001","","","","chalet","","","","","","",""
"907166105","way","https://osm.org/way/907166105","54.17713410161006","-4.422897152432261","","","","chalet","","","","","","",""
"907166106","way","https://osm.org/way/907166106","54.17698860085658","-4.422955151593616","","","","chalet","","","","","","",""
"907166107","way","https://osm.org/way/907166107","54.176859890352404","-4.423006315391674","","","","chalet","","","","","","",""
"907166108","way","https://osm.org/way/907166108","54.17670881035845","-4.422740592272308","","","","chalet","","","","","","",""
"907166109","way","https://osm.org/way/907166109","54.17657921106821","-4.422757380728723","","","","chalet","","","","","","",""
"907166110","way","https://osm.org/way/907166110","54.17644977055548","-4.422781383680548","","","","chalet","","","","","","",""
"907166111","way","https://osm.org/way/907166111","54.17631367483717","-4.422774485025726","","","","chalet","","","","","","",""
"907166112","way","https://osm.org/way/907166112","54.176178549293525","-4.422722036025399","","","","chalet","","","","","","",""
"963255660","way","https://osm.org/way/963255660","54.321069","-4.3929445000000005","","","","apartment","","","","","","",""
"1006965722","way","https://osm.org/way/1006965722","54.29227672910206","-4.579572708496243","","","","picnic_site","","","","","","",""
"1085151440","way","https://osm.org/way/1085151440","54.242821599109895","-4.604483932048028","","","","chalet","","","","","","",""
"1085151442","way","https://osm.org/way/1085151442","54.242795899334745","-4.604202630294034","","","","chalet","","","","","","",""
"1126021451","way","https://osm.org/way/1126021451","54.34054462881474","-4.469810835568039","","","","chalet","","","","","","",""
"1126198622","way","https://osm.org/way/1126198622","54.22571983796079","-4.391627653148032","","","","chalet","","","","","","",""
"1126198631","way","https://osm.org/way/1126198631","54.22544589248206","-4.390641507217997","","","","chalet","","","","","","",""
"1185159249","way","https://osm.org/way/1185159249","54.14365543044615","-4.46847684020116","","","","viewpoint","","","","","","",""
"1193535903","way","https://osm.org/way/1193535903","54.083449954163164","-4.638181581739799","","","","attraction","","","","","","",""
"1199597213","way","https://osm.org/way/1199597213","54.2115215","-4.6826105","","","","picnic_site","","","","","","",""
"1238605604","way","https://osm.org/way/1238605604","54.205694","-4.410078","","","","guest_house","","","","","","",""
"1280889802","way","https://osm.org/way/1280889802","54.33274001787946","-4.384692589827373","","","","caravan_site","","","","","","",""
"1286674600","node","https://osm.org/node/1286674600","54.205921","-4.636654","","","","viewpoint","","","","","","",""
"1286674699","node","https://osm.org/node/1286674699","54.203508","-4.64398","","","","viewpoint","","","","","","",""
"1378023684","way","https://osm.org/way/1378023684","54.20489921700325","-4.6939327422220485","","","","museum","","","","","","",""
"1751388298","node","https://osm.org/node/1751388298","54.080201","-4.755243","","","","information","","","","","","",""
"2394523265","node","https://osm.org/node/2394523265","54.127226","-4.520479","","","","picnic_site","","","","","","",""
"2394903220","node","https://osm.org/node/2394903220","54.127262","-4.503909","","","","viewpoint","","","","","","",""
"2394903241","node","https://osm.org/node/2394903241","54.127576","-4.503416","","","","picnic_site","","","","","","",""
"2653154859","node","https://osm.org/node/2653154859","54.073451","-4.653804","","","","information","","","","","","",""
"4127664537","node","https://osm.org/node/4127664537","54.263216","-4.461682","","","","information","","","","","","",""
"4633634221","node","https://osm.org/node/4633634221","54.073344","-4.653063","","","","information","","","","","","",""
"5211483492","node","https://osm.org/node/5211483492","54.072555","-4.652216","","","","viewpoint","","","","","","",""
"6609143864","node","https://osm.org/node/6609143864","54.208326","-4.71453","","","","picnic_site","","","","","","",""
"6739810081","node","https://osm.org/node/6739810081","54.262094","-4.46262","","","","viewpoint","","","","","","",""
"7843012495","node","https://osm.org/node/7843012495","54.053261","-4.823501","","","","information","","","","","","",""
"7843012498","node","https://osm.org/node/7843012498","54.052756","-4.828492","","","","information","","","","","","",""
"8280984447","node","https://osm.org/node/8280984447","54.208165","-4.6343","","","","artwork","","","","","","",""
"8355908520","node","https://osm.org/node/8355908520","54.085469","-4.759376","","","","information","","","","","","",""
"8560685225","node","https://osm.org/node/8560685225","54.233727","-4.406295","","","","information","","","","","","",""
"8914832018","node","https://osm.org/node/8914832018","54.075085","-4.652648","","","","information","","","","","","",""
"8980672916","node","https://osm.org/node/8980672916","54.157587","-4.565699","","","","information","","","","","","",""
"8980761217","node","https://osm.org/node/8980761217","54.157247","-4.566615","","","","information","","","","","","",""
"8988077264","node","https://osm.org/node/8988077264","54.135553","-4.577016","","","","information","","","","","","",""
"9217019709","node","https://osm.org/node/9217019709","54.327493","-4.409122","","","","picnic_site","","","","","","",""
"9257779946","node","https://osm.org/node/9257779946","54.306765","-4.342485","","","","viewpoint","","","","","","",""
"9257779947","node","https://osm.org/node/9257779947","54.302324","-4.322929","","","","viewpoint","","","","","","",""
"9257779968","node","https://osm.org/node/9257779968","54.298162","-4.312526","","","","viewpoint","","","","","","",""
"9257779970","node","https://osm.org/node/9257779970","54.296203","-4.310639","","","","viewpoint","","","","","","",""
"9257780005","node","https://osm.org/node/9257780005","54.311302","-4.351115","","","","viewpoint","","","","","","",""
"9289101494","node","https://osm.org/node/9289101494","54.406119","-4.412482","","","","viewpoint","","","","","","",""
"9358245964","node","https://osm.org/node/9358245964","54.298235","-4.311602","","","","viewpoint","","","","","","",""
"9364283779","node","https://osm.org/node/9364283779","54.241354","-4.408517","","","","viewpoint","","","","","","",""
"9364283796","node","https://osm.org/node/9364283796","54.244941","-4.399597","","","","viewpoint","","","","","","",""
"10297500992","node","https://osm.org/node/10297500992","54.23022","-4.404546","","","","information","","","","","","",""
"10607167375","node","https://osm.org/node/10607167375","54.320701","-4.381312","","","","information","","","","","","",""
"10607193605","node","https://osm.org/node/10607193605","54.320887","-4.384754","","","","information","","","","","","",""
"10648497429","node","https://osm.org/node/10648497429","54.323102","-4.387817","","","","information","","","","","","",""
"10651817852","node","https://osm.org/node/10651817852","54.322589","-4.387561","","","","information","","","","","","",""
"10674834325","node","https://osm.org/node/10674834325","54.070682","-4.766043","","","","information","","","","","","",""
"10681892882","node","https://osm.org/node/10681892882","54.321824","-4.378025","","","","information","","","","","","",""
"10686459993","node","https://osm.org/node/10686459993","54.169082","-4.518429","","","","information","","","","","","",""
"10688364361","node","https://osm.org/node/10688364361","54.200667","-4.413569","","","","information","","","","","","",""
"10717466014","node","https://osm.org/node/10717466014","54.154565","-4.481996","","","","information","","","","","","",""
"10813037049","node","https://osm.org/node/10813037049","54.29083","-4.394601","","","","artwork","","","","","","",""
"10992195969","node","https://osm.org/node/10992195969","54.147773","-4.47695","","","","information","","","","","","",""
"11009988558","node","https://osm.org/node/11009988558","54.218416","-4.432407","","","","viewpoint","","","","","","",""
"11012439064","node","https://osm.org/node/11012439064","54.148511","-4.480558","","","","artwork","","","","","","",""
"11015455517","node","https://osm.org/node/11015455517","54.171373","-4.515035","","","","information","","","","","","",""
"11016563696","node","https://osm.org/node/11016563696","54.317468","-4.473777","","","","viewpoint","","","","","","",""
"11059912727","node","https://osm.org/node/11059912727","54.092108","-4.761952","","","","information","","","","","","",""
"11065225042","node","https://osm.org/node/11065225042","54.07683","-4.738442","","","","information","","","","","","",""
"11078547873","node","https://osm.org/node/11078547873","54.174754","-4.454565","","","","information","","","","","","",""
"11132701739","node","https://osm.org/node/11132701739","54.149893","-4.48004","","","","information","","","","","","",""
"11162034928","node","https://osm.org/node/11162034928","54.078855","-4.649125","","","","information","","","","","","",""
"11164580385","node","https://osm.org/node/11164580385","54.105039","-4.729698","","","","viewpoint","","","","","","",""
"11197682134","node","https://osm.org/node/11197682134","54.067719","-4.772985","","","","information","","","","","","",""
"11197682136","node","https://osm.org/node/11197682136","54.066798","-4.773918","","","","information","","","","","","",""
"11197704437","node","https://osm.org/node/11197704437","54.067026","-4.774261","","","","information","","","","","","",""
"12112964329","node","https://osm.org/node/12112964329","54.072721","-4.739021","","","","information","","","","","","",""
"12113252314","node","https://osm.org/node/12113252314","54.069369","-4.73492","","","","information","","","","","","",""
"12115263335","node","https://osm.org/node/12115263335","54.079197","-4.757297","","","","viewpoint","","","","","","",""
"12118902523","node","https://osm.org/node/12118902523","54.072769","-4.65231","","","","information","","","","","","",""
"12195422827","node","https://osm.org/node/12195422827","54.320491","-4.412645","","","","information","","","","","","",""
"12244902488","node","https://osm.org/node/12244902488","54.228151","-4.394153","","","","chalet","","","","","","",""
"13249938195","node","https://osm.org/node/13249938195","54.156749","-4.48099","","","","artwork","","","","","","",""
