"id","lat","lon","name","name:en","name:gv","listed_status","ref:registered_building","url:registered_building"
"283481208","54.32123","-4.381193","","","","Registered","326","https://www.gov.im/media/1374325/326-notice-and-entry-summary-dec-21.pdf"
"283481768","54.085014","-4.760372","","","","Registered","329","https://www.gov.im/media/1374323/rb-329-k6-telephone-kiosk-lower-promenade.pdf"
"283482754","54.178388","-4.46592","","","","Registered","325","https://www.gov.im/media/1374319/325-notice-and-entry-summary-dec-21.pdf"
"283493690","54.194741","-4.636433","","","","Registered","331","https://www.gov.im/media/1374320/rb-331-k6-telephone-kiosk-the-hope.pdf"
"283496453","54.076292","-4.62337","","","","Registered","333","https://www.gov.im/media/1374317/rb-333-k6-telephone-kiosk-derbyhaven.pdf"
"283511945","54.069639","-4.768275","","","","Registered","334","https://www.gov.im/media/1374326/rb-334-k6-telephone-kiosk-cregneash-village.pdf"
"283514433","54.07132","-4.737291","","","","Registered","330","https://www.gov.im/media/1374324/rb-330-k6-telephone-kiosk-queens-road.pdf"
"283519614","54.204222","-4.694331","","","","Registered","335","https://www.gov.im/media/1374321/rb-335-k6-telephone-kiosk-patrick-village.pdf"
"430222786","54.149128","-4.475902","Jubilee Clock","","","Registered","196","https://www.gov.im/media/632381/0500196regbldjubileeclock.pdf"
"441984183","54.037879","-4.837521","Chicken Rock","Chicken Rock","Charrick y Challoo","Registered","310","https://www.gov.im/media/1373626/310-notice-and-entry-summary.pdf"
"452016378","54.073475","-4.653465","Castletown War Memorial","","","Registered","313","https://www.gov.im/media/1373630/313-notice-and-entry-summary.pdf"
"475393288","54.083179","-4.678565","Balladoole Farm","","","Registered","150","https://www.gov.im/media/631517/0500150regbldballadoolefarm.pdf"
"491220563","54.298439","-4.583791","Orrisdale Lime Kiln","","","Registered","143","https://www.gov.im/media/632657/0500143regbldorrisdalelimekiln.pdf"
"735126874","54.155813","-4.477486","Douglas War Memorial","","","Registered","315","https://www.gov.im/media/1373633/315-notice-and-entry-summary.pdf"
"751574140","54.078651","-4.634465","King William's College War Memorial","","","Registered","314","https://www.gov.im/media/1373631/314-notice-and-entry-summary.pdf"
"918436616","54.203861","-4.641218","National War Memorial","","","Registered","318","https://www.gov.im/media/1373636/318-notice-and-entry-summary.pdf"
"951575061","54.382289","-4.388376","","","","Registered","332","https://www.gov.im/media/1374315/rb-332-k6-telephone-kiosk-bride-village.pdf"
"1816792210","54.173171","-4.457394","","","","Registered","324","https://www.gov.im/media/1374318/324-notice-and-entry-summary-dec-21.pdf"
"3890789593","54.067892","-4.736869","Mona's Queen (Dunkirk) Memorial","","","Registered","322","https://www.gov.im/media/1373639/322-notice-and-entry-summary.pdf"
"4861854161","54.224795","-4.697249","","","","Registered","328","https://www.gov.im/media/1374322/rb-328-k6-telephone-kiosk-peel-promenade.pdf"
"9294524227","54.319079","-4.423659","Lazayre Parish War Memorial","","","Registered","319","https://www.gov.im/media/1373637/319-notice-and-entry-summary.pdf"
"9473024605","54.321387","-4.38129","Ramsey War Memorial","","","Registered","321","https://www.gov.im/media/1373640/321-notice-and-entry-summary.pdf"
"10023019811","54.150201","-4.478988","","","","Registered","327","https://www.gov.im/media/1374316/rb-327-pair-of-k6-telephone-kiosks-drumgold-street.pdf"
"10023019812","54.150201","-4.479008","","","","Registered","327","https://www.gov.im/media/1374316/rb-327-pair-of-k6-telephone-kiosks-drumgold-street.pdf"
"10661831348","54.309643","-4.541195","Ballaugh Parish War Memorial","","","Registered","311","https://www.gov.im/media/1373629/311-notice-and-entry-summary.pdf"
"10703091047","54.350863","-4.51871","","","","Registered","241/REGBLD6","https://www.gov.im/media/1348533/rb241-regbld6-pillbox-at-field-211033-214136-jurby.pdf"
"10710822613","54.223796","-4.695102","","","","Registered","108",""
"10720135675","54.107865","-4.586404","Santon Parish War Memorial","","","Registered","323","https://www.gov.im/media/1373641/323-notice-and-entry-summary.pdf"
"10720151807","54.147638","-4.493645","Inkerman Memorial","","","Registered","312","https://www.gov.im/media/1373632/312-notice-and-entry-summary.pdf"
"10720153259","54.174766","-4.454663","Onchan Parish War Memorial","","","Registered","320","https://www.gov.im/media/1373638/320-notice-and-entry-summary.pdf"
"10720157968","54.168059","-4.480191","Douglas Cemetery War Memorial","","","Registered","317","https://www.gov.im/media/1373635/317-notice-and-entry-summary.pdf"
"25988599","","","Ramsey Swing Bridge","","","Registered","338","https://www.gov.im/media/1382563/338-notice-and-entry-summary_compressed.pdf"
"38301009","","","Castle Rushen","Castle Rushen","Cashtal Rushen","Registered","24","https://www.gov.im/media/631655/0500024regbldcastlerushen.pdf"
"38499565","","","Saint Mary of the Isle","","","Registered","197","https://www.gov.im/media/632387/0500197regbldstmaryschurch.pdf"
"58706853","","","","","","Registered","289","https://www.gov.im/media/1360386/1700289regbld-consultees-registration-notice-160418.pdf"
"58706857","","","The Market Hall","","","Registered","120","https://www.gov.im/media/632201/0500120regbldnewmarkethall.pdf"
"59276116","","","The Manx Legion","","","Registered","120","https://www.gov.im/media/632201/0500120regbldnewmarkethall.pdf"
"59278246","","","","","","Registered","186","https://www.gov.im/media/632333/0500186regblddouglashotel.pdf"
"59284211","","","","","","Registered","82","https://www.gov.im/media/632075/0500082regbld-castlemona-hotel-v2.pdf"
"59285946","","","Villa Gaiety","","","Registered","200","https://www.gov.im/media/632405/0500200regbldgaitytheatre.pdf"
"59286000","","","","","","Registered","112","https://www.gov.im/media/632171/0500112regbldfalconcliffhotel.pdf"
"59384778","","","Douglas Railway Station","Douglas Railway Station","Stashoon traenagh Ghoolish","Registered","74","https://www.gov.im/media/632057/0500074regblddouglasrailwaystatio.pdf"
"59384842","","","Isle of Man Mosque","","","Registered","100","https://www.gov.im/media/632129/0500100regbld20finchroad.pdf"
"59384863","","","","","","Registered","102","https://www.gov.im/media/632141/0500102regbldoffices24finchroad.pdf"
"59384913","","","","","","Registered","98","https://www.gov.im/media/632117/0500098regbld16finchroad.pdf"
"59384916","","","","","","Registered","96","https://www.gov.im/media/632105/0500096regbld12finchroad.pdf"
"59995832","","","King William's College Chapel","","","Registered","185","https://www.gov.im/media/631991/0500185regbldkingwilliamscollege.pdf"
"59995876","","","","","","Registered","185","https://www.gov.im/media/631991/0500185regbldkingwilliamscollege.pdf"
"60001134","","","Foghorn","","","Registered","148","https://www.gov.im/media/632579/0500148regbldlangnesslighthouse.pdf"
"60001139","","","","","","Registered","148","https://www.gov.im/media/632579/0500148regbldlangnesslighthouse.pdf"
"60001141","","","Langness Lighthouse","","","Registered","148","https://www.gov.im/media/632579/0500148regbldlangnesslighthouse.pdf"
"60001142","","","","","","Registered","148","https://www.gov.im/media/632579/0500148regbldlangnesslighthouse.pdf"
"60001146","","","The Powder House","","","Registered","142","https://www.gov.im/media/632573/0500142regbldthepowderhouse.pdf"
"60007294","","","Port Erin Railway Station","Port Erin Railway Station","Stashoon traenagh Purt Çhiarn","Registered","282","https://www.gov.im/media/1362025/port-erin-railway.pdf"
"60355802","","","","","","Registered","269","https://www.gov.im/media/1349630/rb269-lorne-house-scan.pdf"
"60582656","","","","","","Registered","257","https://www.gov.im/media/632003/0500257regbldrailwaystation.pdf"
"60582716","","","Castletown","Castletown","Balley Chashtal","Registered","257","https://www.gov.im/media/632003/0500257regbldrailwaystation.pdf"
"60681535","","","Control Tower","","","Registered","239","https://www.gov.im/media/632519/0500239regbldjurbyterminalbuildin.pdf"
"60681543","","","Hangar 266","","","Registered","240","https://www.gov.im/media/632525/0500240regbldaeroplaneandseaplane.pdf"
"60757131","","","Castle Arms","","","Registered","25","https://www.gov.im/media/631661/0500025regbldcastlearmshotel.pdf"
"60930657","","","The Old Grammar School","The Old Grammar School","Yn Chenn Scoill Ghrammeyoys","Registered","73","https://www.gov.im/media/631967/0500073regbldtheschoolhouse.pdf"
"61421410","","","","","","Registered","72","https://www.gov.im/media/631961/0500072regbld1stfloorstmarys.pdf"
"61580810","","","","","","Registered","167","https://www.gov.im/media/632291/0500167regbldformerdouglascourth.pdf"
"61580822","","","Corlett Bolton & Co","","","Registered","93","https://www.gov.im/media/632087/0500093regbldoffice4finchroad.pdf"
"61580824","","","","","","Registered","95","https://www.gov.im/media/632099/0500095regbld8finchroad.pdf"
"61580825","","","","","","Registered","94","https://www.gov.im/media/632093/0500094regbldcaferoyale.pdf"
"62226368","","","The Parish Church of Saint Thomas","","","Registered","178","https://www.gov.im/media/632321/0500178regbldstthomaschurch.pdf"
"62242660","","","Tower of Refuge","Tower of Refuge","Toor y Chemmyrk","Registered","205","https://www.gov.im/media/632417/0500205regbldtowerofrefuge.pdf"
"62393623","","","Niarbyl Cottages","","","Registered","8","https://www.gov.im/media/632789/0500008regbldthatchedcottages.pdf"
"68245523","","","Peel Police Station","","","Registered","266","https://www.gov.im/media/1346489/rb266-peel-police-station.pdf"
"68832219","","","Malew Parish Church","","","Registered","256","https://www.gov.im/media/1352400/0500256regbld-malew-church-reduced.pdf"
"72439752","","","Laxey Flour Mill","","","Registered","337","https://www.gov.im/media/1382579/337-notice-and-entry-summary-uploaded-050324_compressed.pdf"
"72439755","","","Christ Church Laxey","","","Registered","85","https://www.gov.im/media/632531/0500085regbldchristchurch.pdf"
"77415322","","","","","","Registered","113","https://www.gov.im/media/632177/0500113regbldapartments122dougla.pdf"
"77415355","","","Marine Drive Old Toll Gate","","","Registered","233","https://www.gov.im/media/631607/0500233regbldtheornamentalgateway.pdf"
"77818790","","","Kings Guest House","","","Registered","177","https://www.gov.im/media/632315/0500177regblderinbrae.pdf"
"77818835","","","The Queens","","","Registered","201","https://www.gov.im/media/632411/0500201regbldqueenshotel.pdf"
"78029311","","","Saint Peter's Church, Kirk Onchan","","","Registered","119","https://www.gov.im/media/1349732/rb119-st-peters-church-scan.pdf"
"78412991","","","","","","Registered","208","https://www.gov.im/media/631997/0500208regbldoldmill.pdf"
"78412997","","","","","","Registered","208","https://www.gov.im/media/631997/0500208regbldoldmill.pdf"
"79141598","","","","","","Registered","290","https://www.gov.im/media/1360387/1700290regbld-website-detail.pdf"
"79141609","","","Fedelta","","","Registered","199","https://www.gov.im/media/632399/0500199regbld31atholstreet.pdf"
"79143094","","","The Parish Church of Saint Matthew","","","Registered","106","https://www.gov.im/media/632153/0500106regbldstmatthewschurchhal.pdf"
"79143118","","","Douglas Town Hall","","","Registered","169","https://www.gov.im/media/632297/0500169regbldfreelibrary.pdf"
"79143389","","","","","","Registered","20","https://www.gov.im/media/632045/0500020regbld24churchstreet.pdf"
"79143390","","","","","","Registered","19","https://www.gov.im/media/632039/0500019regbld22churchstreet.pdf"
"79143392","","","Isola","","","Registered","21","https://www.gov.im/media/632051/0500021regbldscottsbistro.pdf"
"79143396","","","","","","Registered","195","https://www.gov.im/media/632375/0500195regbldnationalwestminsterb.pdf"
"79143402","","","","","","Registered","198","https://www.gov.im/media/632393/0500198regbld9atholstreet.pdf"
"79372990","","","The Quarterbridge","","","Registered","140","https://www.gov.im/media/632225/0500140regbld-quarterbridge-hotel-add.pdf"
"79372992","","","","","","Registered","191","https://www.gov.im/media/632357/0500191regbldravenscourt.pdf"
"79396808","","","Cosy Nook Cafe","","","Registered","295","https://www.gov.im/media/1372565/295-registration-notice-summary-and-map.pdf"
"80249674","","","","","","Registered","114","https://www.gov.im/media/632183/0500114regbldsalisburyhouse.pdf"
"80822475","","","","","","Registered","291","https://www.gov.im/media/1361802/register-entry-summary-horse-tram-stables.pdf"
"80822481","","","Tramway Stables","","","Registered","291","https://www.gov.im/media/1361802/register-entry-summary-horse-tram-stables.pdf"
"80984768","","","The Bohemian Coffee Shop","","","Registered","225","https://www.gov.im/media/632453/0500225regbld26victoriastreet.pdf"
"82614415","","","","","","Registered","230","https://www.gov.im/media/632471/0500230regbldbuckhouse.pdf"
"82691376","","","Co-op Food","","","Registered","32","https://www.gov.im/media/631703/0500032regbldthemanxcoop.pdf"
"82698855","","","Smelt Memorial","","","Registered","33","https://www.gov.im/media/631709/rb33-smelt-memorial-scan.pdf"
"91347929","","","","","","Registered","16","https://www.gov.im/media/631643/0500016regbldbridgehouse.pdf"
"91347977","","","The Nautical Museum","The Nautical Museum","Yn Thie Tashtee Lhuingey","Registered","299","https://www.gov.im/media/1373616/299-notice-and-entry-summary.pdf"
"97313615","","","Onchan Parish Hall","Onchan Parish Hall","","Registered","118","https://www.gov.im/media/632705/0500118regbldonchanparishhall.pdf"
"99608826","","","","","","Registered","261","https://www.gov.im/media/632021/0500261regbldcrofton.pdf"
"99861920","","","","","","Registered","17","https://www.gov.im/media/631649/0500017regbldmanannanhouse.pdf"
"99861938","","","","","","Registered","40","https://www.gov.im/media/631751/0500040regbldtsbbank.pdf"
"100018173","","","","","","Registered","34","https://www.gov.im/media/631715/0500034regbld5theparade.pdf"
"100018176","","","George Hotel","","","Registered","38","https://www.gov.im/media/631739/0500038regbldthegeorgehotel.pdf"
"100018180","","","","","","Registered","37","https://www.gov.im/media/631733/0500037regbld7theparade.pdf"
"100054349","","","","","","Registered","39","https://www.gov.im/media/631745/0500039regbldisleofmanbank.pdf"
"100442359","","","","","","Registered","260","https://www.gov.im/media/632015/0500260regbldwestwood.pdf"
"100442374","","","","","","Registered","259","https://www.gov.im/media/632009/0500259regbldelderbank.pdf"
"100443837","","","","","","Registered","66","https://www.gov.im/media/631925/0500066regbldstanleyhouse.pdf"
"100443838","","","","","","Registered","69","https://www.gov.im/media/631943/0500069regbld1castlestreet.pdf"
"100443842","","","","","","Registered","71","https://www.gov.im/media/631955/0500071regbldtullochhouse.pdf"
"100443844","","","","","","Registered","59","https://www.gov.im/media/631883/0500059regbldtheparade.pdf"
"100443847","","","","","","Registered","68","https://www.gov.im/media/631937/0500068regbldmanxcwshq13.pdf"
"100443848","","","","","","Registered","65","https://www.gov.im/media/631919/0500065regbldcomptonhouse.pdf"
"100443849","","","","","","Registered","70","https://www.gov.im/media/631949/0500070regbldpeakviewingtransatla.pdf"
"100464694","","","","","","Registered","47","https://www.gov.im/media/631811/0500047regbldharbourhouse.pdf"
"100464709","","","","","","Registered","60","https://www.gov.im/media/631889/0500060regbldthelifeboathouse.pdf"
"100464712","","","","","","Registered","64","https://www.gov.im/media/631913/0500064regbldcornishhouse.pdf"
"100464728","","","","","","Registered","42","https://www.gov.im/media/631777/0500042regbldsolomonscorner.pdf"
"100464732","","","","","","Registered","51","https://www.gov.im/media/631835/0500051regbld3thequay.pdf"
"100464743","","","","","","Registered","48","https://www.gov.im/media/631817/0500048regbldthegranary.pdf"
"100464775","","","","","","Registered","56","https://www.gov.im/media/631865/0500056regbldtherockethouse.pdf"
"100464776","","","","","","Registered","58","https://www.gov.im/media/631877/0500058regbld2parliamentsquare.pdf"
"100464796","","","","","","Registered","43","https://www.gov.im/media/631787/0500043regbld1quaylane.pdf"
"100464798","","","Old House of Keys","Old House of Keys","Shenn Thie Yn Chiare As Feed","Registered","29","https://www.gov.im/media/631685/0500029regbldformerhouseofkeysb.pdf"
"100464811","","","","","","Registered","55","https://www.gov.im/media/631859/0500055regbld1parliamentlane.pdf"
"100464825","","","","","","Registered","46","https://www.gov.im/media/631805/0500046regbldcastleview.pdf"
"100464826","","","","","","Registered","50","https://www.gov.im/media/631829/0500050regbld4thequay.pdf"
"100464845","","","","","","Registered","61","https://www.gov.im/media/631895/0500061regbldhighburyhouse.pdf"
"100464850","","","","","","Registered","41","https://www.gov.im/media/631764/0500041regbldellanvannin.pdf"
"100464857","","","Lloyds Pharmacy","","","Registered","31","https://www.gov.im/media/631697/0500031regbld-1-malew-street.pdf"
"100464886","","","Old Police Station","","","Registered","27","https://www.gov.im/media/631673/0500027regbldpolicestation.pdf"
"100464899","","","","","","Registered","44","https://www.gov.im/media/631793/0500044regbld2quaylane.pdf"
"100464910","","","","","","Registered","28","https://www.gov.im/media/631679/0500028regbldderbyhouse.pdf"
"100464913","","","","","","Registered","62","https://www.gov.im/media/631901/0500062regbld4parliamentsquare.pdf"
"100464939","","","","","","Registered","57","https://www.gov.im/media/631871/0500057regbld4quaylane.pdf"
"100464942","","","","","","Registered","54","https://www.gov.im/media/631853/0500054regbld3parliamentlane.pdf"
"100464960","","","","","","Registered","53","https://www.gov.im/media/631847/0500053regbldtheoldinn.pdf"
"100540247","","","","","","Registered","267","https://www.gov.im/media/1346490/rb267-scarlett-house.pdf"
"101418439","","","Port St Mary Railway Station","","","Registered","281","https://www.gov.im/media/1362026/notice1800281-port-st-mary-railway-station.pdf"
"101418470","","","Goods Shed","","","Registered","281","https://www.gov.im/media/1362026/notice1800281-port-st-mary-railway-station.pdf"
"101423840","","","","","","Registered","283","https://www.gov.im/media/1353280/rb283-rb-notice.pdf"
"101833338","","","","","","Registered","306","https://www.gov.im/media/1373621/306-notice-and-entry-summary.pdf"
"101833349","","","Old Coal Shed","","","Registered","307","https://www.gov.im/media/1373622/307-notice-and-entry-summary.pdf"
"101875153","","","Port St Mary Lifeboat Station","","","Registered","304","https://www.gov.im/media/1373623/304-notice-and-entry-summary.pdf"
"102634966","","","Saint Paul's","","","Registered","84","https://www.gov.im/media/632879/0500084regbldstpaulschurch.pdf"
"102638452","","","","","","Registered","144","https://www.gov.im/media/632909/0500144regbldnightlifemarketplace.pdf"
"102638455","","","Our Lady Star of Sea and Saint Maughold","","","Registered","80","https://www.gov.im/media/632873/0500080regbldourladyofthestara.pdf"
"102638461","","","Ramsey Community Hub","","","Registered","79","https://www.gov.im/media/632867/0500079regbldcourthouse.pdf"
"102638462","","","Feltons","","","Registered","144","https://www.gov.im/media/632909/0500144regbldnightlifemarketplace.pdf"
"102856134","","","","","","Registered","152","https://www.gov.im/media/632921/0500152regbldbeanoa.pdf"
"102856141","","","","","","Registered","176","https://www.gov.im/media/632939/0500176regbldcentralhotel.pdf"
"102856147","","","","","","Registered","152","https://www.gov.im/media/632921/0500152regbldbeanoa.pdf"
"102856148","","","","","","Registered","139","https://www.gov.im/media/632903/0500139regbldflatsthurwoodplace.pdf"
"102856152","","","","","","Registered","152","https://www.gov.im/media/632921/0500152regbldbeanoa.pdf"
"102856170","","","","","","Registered","152","https://www.gov.im/media/632921/0500152regbldbeanoa.pdf"
"102856171","","","Patricia Wild Opticians","","","Registered","152","https://www.gov.im/media/632921/0500152regbldbeanoa.pdf"
"102856185","","","","","","Registered","152","https://www.gov.im/media/632921/0500152regbldbeanoa.pdf"
"102856192","","","","","","Registered","152","https://www.gov.im/media/632921/0500152regbldbeanoa.pdf"
"102856200","","","Cains Gordon Bell","","","Registered","152","https://www.gov.im/media/632921/0500152regbldbeanoa.pdf"
"102856214","","","","","","Registered","152","https://www.gov.im/media/632921/0500152regbldbeanoa.pdf"
"102869128","","","","","","Registered","10","https://www.gov.im/media/632861/0500010regbldmysorecottages.pdf"
"102869176","","","Ramsey Youth Centre","","","Registered","87","https://www.gov.im/media/632885/0500087regbldyouthcentre.pdf"
"102869180","","","Queens Pier Entrance","","","Registered","154","https://www.gov.im/media/632927/0500154regbldqueenspierentrance.pdf"
"102869214","","","","","","Registered","88","https://www.gov.im/media/632891/0500088regbldloughhouse.pdf"
"103441615","","","Barclays","","","Registered","30","https://www.gov.im/media/631691/0500030regbldbarclaysbank.pdf"
"104685753","","","Lower Lighthouse","","","Registered","309","https://www.gov.im/media/1373625/309-notice-and-entry-summary.pdf"
"104685757","","","Upper Lighthouse","","","Registered","308","https://www.gov.im/media/1373624/308-notice-and-entry-summary.pdf"
"104794574","","","Oak House","","","Registered","165","https://www.gov.im/media/631583/0500165regbldballamonahospital.pdf"
"104901932","","","","","","Registered","174","https://www.gov.im/media/632309/0500174regbld1albertterrace.pdf"
"105039203","","","","","","Registered","280","https://www.gov.im/media/1346494/rb280-ballagawne-gate-house.pdf"
"105051020","","","","","","Registered","279","https://www.gov.im/media/1346493/rb279-colby-level-gate-hut.pdf"
"105051221","","","Kentraugh House","","","Registered","275","https://www.gov.im/media/1374670/275-kentraugh-house-and-estate.pdf"
"111718303","","","Ballaugh Old Church","","","Registered","11","https://www.gov.im/media/1348571/regbld11-ballaugh-old-church-reduced.pdf"
"112577391","","","The Mitre","","","Registered","294","https://www.gov.im/media/1372564/294-registration-notice-summary-and-map.pdf"
"112577591","","","The Old Courthouse","","","Registered","136","https://www.gov.im/media/632651/0500136regbldthecourthouse.pdf"
"112583134","","","St Michael & All Angels (Michael Parish Church)","","","Registered","248","https://www.gov.im/media/1350855/0700248regbld-st-michaels-church-reduced.pdf"
"113495931","","","Saint John's Mill","","","Registered","83","https://www.gov.im/media/632501/0500083regbldtheoldwoollenmills.pdf"
"118098061","","","","","","Registered","251","https://www.gov.im/media/632687/0500251regbldchurchviewhouse.pdf"
"118148590","","","","","","Registered","245","https://www.gov.im/media/632663/0500245regbld-greystones-cottage-amended-030420.pdf"
"136360207","","","Government House","Government House","Thie yn Reiltys","Registered","254","https://www.gov.im/media/1361444/0700254regbld-pdf-for-website-amended-120220.pdf"
"146833053","","","","","","Registered","302","https://www.gov.im/media/1373619/302-notice-and-entry-summary.pdf"
"146833064","","","Isle of Man Coastguard Rescue Station and Training Centre","","","Registered","270","https://www.gov.im/media/1360605/rb270-registration.pdf"
"146890245","","","Moore's Smokehouse 1882","","","Registered","111","https://www.gov.im/media/1363146/0500111regbld-kipper-houses.pdf"
"147183315","","","Philip Christian Centre","","","Registered","89","https://www.gov.im/media/632807/0500089regbldphilipchristiancentr.pdf"
"147183435","","","Saint German's Cathedral","Saint German's Cathedral","Keeill Voir-agglish Noo Carmane","Registered","204","https://www.gov.im/media/632831/0500204regbldstgermainschurch.pdf"
"147184669","","","","","","Registered","194","https://www.gov.im/media/632825/0500194regbldpeelmethodistchurch.pdf"
"152622117","","","","","","Registered","180","https://www.gov.im/media/631589/0500180regbldportsoderickhouse.pdf"
"160232403","","","Saint Sanctain","","","Registered","15","https://www.gov.im/media/633017/0500015regbldsantonparishchurch.pdf"
"160506184","","","Saint Adamnan's Church","","","Registered","13","https://www.gov.im/media/1352399/0500013regbld-old-kirk-lonan.pdf"
"164658102","","","All Saints","","","Registered","188","https://www.gov.im/media/632345/0500188regbldallsaintschurchhall.pdf"
"166106350","","","","","","Registered","202","https://www.gov.im/media/632633/0500202regbldschoolhouse.pdf"
"169193245","","","Saint Luke's Church","","","Registered","130","https://www.gov.im/media/1348594/0500130regbld-st-lukes-church-reduced.pdf"
"182594363","","","","","","Registered","190","https://www.gov.im/media/632351/0500190regbldwoodlands.pdf"
"186072536","","","Grand Union Camera Obscura","","","Registered","77","https://www.gov.im/media/632063/0500077regbldcameraobscura.pdf"
"186072542","","","Douglas Head Lighthouse","","","Registered","149","https://www.gov.im/media/632237/0500149regblddouglasheadlighthous.pdf"
"186129707","","","The Trafalgar","","","Registered","296","https://www.gov.im/media/1372563/296-registration-notice-summary-and-map.pdf"
"186150178","","","","","","Registered","278","https://www.gov.im/media/1346492/rb278-santon-railway-station.pdf"
"186156410","","","","","","Registered","115","https://www.gov.im/media/632189/0500115regblddouglasswingbridge.pdf"
"186412571","","","","","","Registered","217","https://www.gov.im/media/632435/0500217regbldarchtower.pdf"
"186705232","","","","","","Registered","179","https://www.gov.im/media/632327/0500179regbldharoldtowerfortanne.pdf"
"186706045","","","","","","Registered","213","https://www.gov.im/media/632429/0500213regbldravenscliff.pdf"
"186708942","","","Herring Tower","","","Registered","141","https://www.gov.im/media/632567/0500141regbldherringtower.pdf"
"211829990","","","Saint Ninian's","","","Registered","228","https://www.gov.im/media/632465/0500228regbldstninianschurch.pdf"
"217382559","","","Old St Runius","","","Registered","14","https://www.gov.im/media/632615/0500014regbldmarownchurch.pdf"
"217431755","","","","","","Registered","157","https://www.gov.im/media/632795/0500157regbldvillagehouse.pdf"
"217489614","","","Saint Mark","","","Registered","182","https://www.gov.im/media/632591/0500182regbldstmarkschurch.pdf"
"217687888","","","Corrin's Tower","","","Registered","301","https://www.gov.im/media/1373618/301-notice-and-entry-summary.pdf"
"230389112","","","","","","Registered","232","https://www.gov.im/media/631601/0500232regbldtollgatehouse.pdf"
"232550501","","","","","","Registered","92","https://www.gov.im/media/631559/0500092regbld17cronkbournevillag.pdf"
"233925097","","","Laxey Working Men's Club","","","Registered","227","https://www.gov.im/media/632537/0500227regbldlaxeyworkingmensinst.pdf"
"235445954","","","Milner's Tower","","","Registered","303","https://www.gov.im/media/1373722/303-milners-tower-notice-and-entry-summary.pdf"
"349336142","","","Sulby Methodist Church","","","Registered","172","https://www.gov.im/media/1348570/rb-172v2.pdf"
"349336143","","","Old Sulby School","Old Sulby School","Shenn Scoill","Registered","171","https://www.gov.im/media/1348569/rb-171-a4.pdf"
"349336144","","","Saint Stephen Chapelry, Sulby","","","Registered","170","https://www.gov.im/media/1348568/rb-170-a4.pdf"
"366282623","","","The Old Guard House","","","Registered","237","https://www.gov.im/media/632507/0500237regbldguardhouseandfirep.pdf"
"412956708","","","Milntown Estate & Gardens","","","Registered","168","https://www.gov.im/media/632555/0500168regbldmilntownmansion.pdf"
"414637480","","","Costa","","","Registered","26","https://www.gov.im/media/631667/0500026regbldformercustomsoffice.pdf"
"419056951","","","Starbucks","","","Registered","223","https://www.gov.im/media/632441/0500223regbld20victoriastreet.pdf"
"419950954","","","Simcocks Advocates","","","Registered","226","https://www.gov.im/media/632459/0500226regbldridgewayhouse.pdf"
"527475183","","","","","","Registered","117","https://www.gov.im/media/632699/0500117regbldkatescottage.pdf"
"538399195","","","","","","Registered","63","https://www.gov.im/media/631907/0500063regbldwestministerhouse.pdf"
"547767532","","","","","","Registered","110","https://www.gov.im/media/632621/0500110regbldellersliemanorhouse.pdf"
"547767535","","","","","","Registered","110","https://www.gov.im/media/632621/0500110regbldellersliemanorhouse.pdf"
"667635405","","","Queen's Pier","","","Registered","154","https://www.gov.im/media/632927/0500154regbldqueenspierentrance.pdf"
"825272962","","","Range Front (Leading Light) Lighthouse","","","Registered","305","https://www.gov.im/media/1373620/305-notice-and-entry-summary.pdf"
"828250293","","","","","","Registered","264","https://www.gov.im/media/632027/0500264regbldlegionhall.pdf"
"833369291","","","Pillbox","","","Registered","241/REGBLD9","https://www.gov.im/media/1348531/rb241-regbld9-pillbox-between-studio-house-and-aerodrome-jurby.pdf"
"833611739","","","","","","Registered","241/REGBLD4","https://www.gov.im/media/1348538/rb241-regbld4-pillbox-at-field-210356-and-214228-jurby.pdf"
"833617784","","","","","","Registered","241/REGBLD8","https://www.gov.im/media/1348539/rb241-regbld8-pillbox-at-field-214201-and-214286-jurby.pdf"
"833617786","","","","","","Registered","241/REGBLD1","https://www.gov.im/media/1348529/rb241-regbld1-pillbox-at-field-211025-jurby.pdf"
"835099451","","","","","","Registered","241/REGBLD3","https://www.gov.im/media/1348535/rb241-regbld3-pillbox-at-field-210249-to-210251-jurby.pdf"
"835099457","","","","","","Registered","241/REGBLD5","https://www.gov.im/media/1348530/rb241-regbld5-pillbox-at-field-210846-210872-3-jurby.pdf"
"835106473","","","","","","Registered","241/REGBLD7","https://www.gov.im/media/1348536/rb241-regbld7-pillbox-at-field-214194-and-214197-jurby.pdf"
"867657519","","","Old Kirk Braddan","","","Registered","12","https://www.gov.im/media/1369932/0500012regbld-braddan-old-church-reduced.pdf"
"881644468","","","","","","Registered","235","https://www.gov.im/media/631529/0500235regbldparville.pdf"
"889619378","","","Ballavarry Farmhouse","","","Registered","336","https://www.gov.im/media/1374669/rb336-ballavarry-farmhouse.pdf"
"895195218","","","","","","Registered","247","https://www.gov.im/media/631505/0500247regbldballaradcliffehouse.pdf"
"895195237","","","","","","Registered","255","https://www.gov.im/media/631511/0500255regbldandreasrectory.pdf"
"896332629","","","Cross of Remembrance","","","Registered","316","https://www.gov.im/media/1373634/316-notice-and-entry-summary.pdf"
"922486070","","","Old Ballaglass Power Station","","","Registered","131","https://www.gov.im/media/632627/0500131regbldballaglasspowerstati.pdf"
"956961505","","","","","","Registered","242","https://www.gov.im/media/632603/0500242regbldfarmhouseandattached.pdf"
"963223759","","","","","","Registered","221","https://www.gov.im/media/632999/0500221regbldbridgeinn.pdf"
"963223764","","","","","","Registered","219","https://www.gov.im/media/632987/0500219regbld15bridgelane.pdf"
"963255385","","","","","","Registered","206","https://www.gov.im/media/632945/rb-206-may-hill-house-formerly-cronk-brae-may-hill.pdf"
"963255441","","","","","","Registered","216","https://www.gov.im/media/632975/0500216regbldseacliff.pdf"
"963255442","","","","","","Registered","211","https://www.gov.im/media/632951/0500211regbldbeachcottage.pdf"
"963255587","","","","","","Registered","151","https://www.gov.im/media/632915/0500151regbld218albionterrace.pdf"
"963422032","","","","","","Registered","212","https://www.gov.im/media/632957/0500212regbldballurecottage.pdf"
"963422057","","","","","","Registered","215","https://www.gov.im/media/632969/0500215regblddunluce.pdf"
"976043893","","","Albert Tower","","","Registered","214","https://www.gov.im/media/632963/0500214regbldalberttower.pdf"
"981865449","","","","","","Registered","125","https://www.gov.im/media/632741/0500125regbld19governorsroad.pdf"
"981865455","","","","","","Registered","121","https://www.gov.im/media/632717/0500121regbldstcatherines.pdf"
"1007456652","","","Kirk Christ Lezayre","","","Registered","138","https://www.gov.im/media/1351765/0500138regbld-lezayre-church-reduced.pdf"
"1012227231","","","The Gate House","","","Registered","284","https://www.gov.im/media/1360606/rb284-rb-notice.pdf"
"1013404032","","","","","","Registered","49","https://www.gov.im/media/631823/0500049regbldpowriecottage.pdf"
"1037716702","","","Welch House","","","Registered","122","https://www.gov.im/media/632723/0500122regbldwelchhouse.pdf"
"1083159056","","","","","","Registered","166","https://www.gov.im/media/632285/0500166regbldcadrancottage.pdf"
"1127911177","","","","","","Registered","218","https://www.gov.im/media/632981/0500218regbldriversidecottage.pdf"
"1127914641","","","Beaconsfield Towers","","","Registered","246","https://www.gov.im/media/633005/0500246regbld-beaconsfield-tower-amd-030420.pdf"
"1128011684","","","Red Cross House","","","Registered","244","https://www.gov.im/media/632489/0500244regbldredcrosshouse.pdf"
"1145635084","","","","","","Registered","137","https://www.gov.im/media/632219/0500137regbldthenook.pdf"
"1146100416","","","","","","Registered","6","https://www.gov.im/media/632837/0500006regbldprimrosethatchcottag.pdf"
"1146103929","","","","","","Registered","7","https://www.gov.im/media/632843/0500007regbldcottnygreiney.pdf"
"1146116834","","","","","","Registered","220","https://www.gov.im/media/632993/0500220regbld17bridgelane.pdf"
"1146543427","","","Ballure Church","","","Registered","90","https://www.gov.im/media/632897/0500090regbldballurechurch.pdf"
"1146739860","","","","","","Registered","3","https://www.gov.im/media/631613/0500003regbldcranstalcottage.pdf"
"1146739864","","","","","","Registered","4","https://www.gov.im/media/631619/0500004regbldbridgecottage.pdf"
"1146742433","","","Point of Ayre Lighthouse","","","Registered","147","https://www.gov.im/media/631637/0500147regbldlighthouse.pdf"
"1146752828","","","Bishopscourt","","","Registered","1","https://www.gov.im/media/631541/0500001regbldbishopscourt.pdf"
"1146752829","","","Bishopscourt","","","Registered","1","https://www.gov.im/media/631541/0500001regbldbishopscourt.pdf"
"1146766090","","","","","","Registered","22","https://www.gov.im/media/632639/0500022regbldfoxcottage.pdf"
"1146766091","","","","","","Registered","23","https://www.gov.im/media/632645/0500023regbldhollylodge.pdf"
"1146832495","","","","","","Registered","105","https://www.gov.im/media/632147/0500105regbldoldthatch.pdf"
"1147069749","","","","","","Registered","155","https://www.gov.im/media/632933/0500155regbld7ballureroad.pdf"
"1147223917","","","","","","Registered","92","https://www.gov.im/media/631559/0500092regbld17cronkbournevillag.pdf"
"1147223918","","","","","","Registered","92","https://www.gov.im/media/631559/0500092regbld17cronkbournevillag.pdf"
"1147223920","","","Old School House","","","Registered","258","https://www.gov.im/media/632495/0900258regbldoldschoolhouse.pdf"
"1147324707","","","Freemasons Hall","","","Registered","292","https://www.gov.im/media/1364130/rb-292-masonic-lodge.pdf"
"1149396693","","","Victoria Clock Tower","","","Registered","286","https://www.gov.im/media/1360608/rb286-notice.pdf"
"1150275873","","","Leodest Methodist Chapel","","","Registered","2","https://www.gov.im/media/631487/0500002regbldleodestmethodistchap.pdf"
"1150296507","","","","","","Registered","18","https://www.gov.im/media/632033/rb18-20-church-street.pdf"
"1150306159","","","The Windmill","","","Registered","76","https://www.gov.im/media/631979/witches-mill-scan.pdf"
"1150537142","","","","","","Registered","36","https://www.gov.im/media/631727/0500036regbldshopbalconyhouse.pdf"
"1150537143","","","","","","Registered","35","https://www.gov.im/media/631721/0500035regbldflat15theparade.pdf"
"1150547210","","","Clinch's","","","Registered","78","https://www.gov.im/media/632069/0500078regbldwaterfrontrestaurant.pdf"
"1150582344","","","","","","Registered","241/REGBLD2","https://www.gov.im/media/1348532/rb241-regbld2-pillbox-at-field-214188-jurby.pdf"
"1150647430","","","Crogga Mill","","","Registered","81","https://www.gov.im/media/631553/0500081regbldcroggamillcottage.pdf"
"1151092076","","","","","","Registered","97","https://www.gov.im/media/632111/050097regbld1214finchroad.pdf"
"1151092077","","","","","","Registered","99","https://www.gov.im/media/632123/0500099regbld18finchroad.pdf"
"1151092078","","","","","","Registered","101","https://www.gov.im/media/632135/0500101regbld-offices-22-finch-road.pdf"
"1151188993","","","","","","Registered","86","https://www.gov.im/media/1349789/rb-86-st-andrews-spire.pdf"
"1151200978","","","The Foundry","","","Registered","104","https://www.gov.im/media/632813/0500104regbldtheforge.pdf"
"1151321945","","","The Rechabite Hall","","","Registered","107","https://www.gov.im/media/632159/0500107regbldrechabitehall.pdf"
"1151333074","","","","","","Registered","110","https://www.gov.im/media/632621/0500110regbldellersliemanorhouse.pdf"
"1151342844","","","","","","Registered","124","https://www.gov.im/media/632735/0500124regbldleafield.pdf"
"1151342845","","","","","","Registered","123","https://www.gov.im/media/632729/0500123regbldbraeside.pdf"
"1151349399","","","","","","Registered","133","https://www.gov.im/media/632771/0500133regbldwoodlandtowers.pdf"
"1151351732","","","Watch House, Red Pier","","","Registered","132","https://www.gov.im/media/632207/0500132regbldwatchhouseswitchroo.pdf"
"1151354063","","","","","","Registered","135","https://www.gov.im/media/631625/0500135regbldthurotcottage.pdf"
"1151429706","","","","","","Registered","134","https://www.gov.im/media/632213/0500134regbldoldcoachhouse.pdf"
"1151434657","","","","","","Registered","146","https://www.gov.im/media/631631/0500146regbldthurotcottageoutbuil.pdf"
"1151438866","","","","","","Registered","145","https://www.gov.im/media/632231/0500145regbldoldbrewerywinetradi.pdf"
"1151992895","","","","","","Registered","126","https://www.gov.im/media/632747/0500126regbld21governorsroad.pdf"
"1151992896","","","","","","Registered","128","https://www.gov.im/media/632759/0500128regbld25governorsroad.pdf"
"1151992897","","","","","","Registered","129","https://www.gov.im/media/632765/0500129regbld27governorsroad.pdf"
"1151992898","","","","","","Registered","127","https://www.gov.im/media/632753/0500127regbld23governorsroad.pdf"
"1152213469","","","Crescent Cinema façade","","","Registered","192","https://www.gov.im/media/632363/0500192regbldthevenue.pdf"
"1152626712","","","","","","Registered","234","https://www.gov.im/media/632483/0500234regbldfarmhillmanor.pdf"
"1152630059","","","Jurby Aerodrome Bomb Store","","","Registered","238","https://www.gov.im/media/632513/0500238regbldjurbyaerodromebombs.pdf"
"1152791279","","","","","","Registered","242","https://www.gov.im/media/632603/0500242regbldfarmhouseandattached.pdf"
"1152791282","","","Glashen Farm and Barn","","","Registered","242","https://www.gov.im/media/632603/0500242regbldfarmhouseandattached.pdf"
"1152792941","","","Ballawhane Windmill","","","Registered","262","https://www.gov.im/media/1364129/rb262-ballawhane-windmill.pdf"
"1153061708","","","Chicken Rock Lighthouse","Chicken Rock Lighthouse","Charrick y Challoo","Registered","310","https://www.gov.im/media/1373626/310-notice-and-entry-summary.pdf"
"1153179306","","","Water Tower","","","Registered","285","https://www.gov.im/media/1360607/rb285-rb-notice.pdf"
"1153181425","","","Point of Ayre Foghorn","","","Registered","297","https://www.gov.im/media/1373614/297-notice-and-entry-summary.pdf"
"1153181426","","","Point of Ayre Winkie Lighthouse","","","Registered","298","https://www.gov.im/media/1373615/298-notice-and-entry-summary.pdf"
"1153317256","","","Former Groudle Glen Hotel","","","Registered","287","https://www.gov.im/media/1365721/rb287-groudle-glen-hotel-for-website-151019.pdf"
"1153322906","","","Maughold Lighthouse","","","Registered","300","https://www.gov.im/media/1373617/300-notice-and-entry-summary.pdf"
"1153328050","","","","","","Registered","159","https://www.gov.im/media/632249/0500159regbldivydene.pdf"
"1153328051","","","","","","Registered","162","https://www.gov.im/media/632267/0500162regbldmyrtlebank.pdf"
"1153328052","","","","","","Registered","163","https://www.gov.im/media/632273/0500163regbldhollybank.pdf"
"1153363361","","","","","","Registered","268","https://www.gov.im/media/1346491/rb268-glyn-moar.pdf"
"1153365852","","","Ballamoar Coach House","","","Registered","263","https://www.gov.im/media/632801/0500263regbldformerbanquetinghous.pdf"
"1153600863","","","","","","Registered","250","https://www.gov.im/media/632681/0500250regbldwhitehouse.pdf"
"1153600875","","","Spooyt Vane Sunday School","","","Registered","252","https://www.gov.im/media/632693/0500252regbldspooytvanesundaysch.pdf"
"1153600884","","","Orrisdale House","Orrisdale House","Rheynn Sloo","Registered","249","https://www.gov.im/media/632675/0500249regbldorrisdalehouse.pdf"
"1153861827","","","","","","Registered","153","https://www.gov.im/media/631571/0500153regbldcronkbournehouse.pdf"
"1153874589","","","Former Strand Cinema Façade","","","Registered","156","https://www.gov.im/media/632243/0500156regbldsiteformerlyknownas.pdf"
"1154135511","","","","","","Registered","173","https://www.gov.im/media/632303/0500173regbld-central-hotel-website.pdf"
"1154139339","","","","","","Registered","210","https://www.gov.im/media/632423/0500210regbld411harristerrace.pdf"
"1154149500","","","","","","Registered","160","https://www.gov.im/media/632255/0500160regbldredhouse.pdf"
"1154149505","","","","","","Registered","161","https://www.gov.im/media/632261/0500161regbldoakleigh.pdf"
"1154149509","","","","","","Registered","339","https://www.gov.im/media/1382561/339-notice-and-entry-summary_compressed.pdf"
"1154459142","","","Cemetery Office","","","Registered","158","https://www.gov.im/media/631577/0500158regbldbraddancemetaryoffic.pdf"
"1154695112","","","","","","Registered","164","https://www.gov.im/media/632279/0500164regbldivybank.pdf"
"1154695113","","","","","","Registered","164","https://www.gov.im/media/632279/0500164regbldivybank.pdf"
"1154695114","","","","","","Registered","164","https://www.gov.im/media/632279/0500164regbldivybank.pdf"
"1154695115","","","","","","Registered","164","https://www.gov.im/media/632279/0500164regbldivybank.pdf"
"1154807706","","","Old Brewer's House","","","Registered","193","https://www.gov.im/media/632369/0500193regbldcastlehillhouse.pdf"
"1155085046","","","","","","Registered","187","https://www.gov.im/media/632339/0500187regbld8victoriaterrace.pdf"
"1155085047","","","","","","Registered","187","https://www.gov.im/media/632339/0500187regbld8victoriaterrace.pdf"
"1155085048","","","","","","Registered","187","https://www.gov.im/media/632339/0500187regbld8victoriaterrace.pdf"
"1155085049","","","","","","Registered","187","https://www.gov.im/media/632339/0500187regbld8victoriaterrace.pdf"
"1155085050","","","","","","Registered","187","https://www.gov.im/media/632339/0500187regbld8victoriaterrace.pdf"
"1155085051","","","","","","Registered","187","https://www.gov.im/media/632339/0500187regbld8victoriaterrace.pdf"
"1155085052","","","","","","Registered","187","https://www.gov.im/media/632339/0500187regbld8victoriaterrace.pdf"
"1155085053","","","","","","Registered","187","https://www.gov.im/media/632339/0500187regbld8victoriaterrace.pdf"
"1155085054","","","","","","Registered","187","https://www.gov.im/media/632339/0500187regbld8victoriaterrace.pdf"
"1155085055","","","","","","Registered","187","https://www.gov.im/media/632339/0500187regbld8victoriaterrace.pdf"
"1155085056","","","","","","Registered","187","https://www.gov.im/media/632339/0500187regbld8victoriaterrace.pdf"
"1155085057","","","","","","Registered","187","https://www.gov.im/media/632339/0500187regbld8victoriaterrace.pdf"
"1155117041","","","","","","Registered","181","https://www.gov.im/media/632585/0500181regbldoldschoolhouse.pdf"
"1155117042","","","","","","Registered","181","https://www.gov.im/media/632585/0500181regbldoldschoolhouse.pdf"
"1155117044","","","","","","Registered","184","https://www.gov.im/media/632597/0500184regbldchurchcottage.pdf"
"1155117045","","","","","","Registered","184","https://www.gov.im/media/632597/0500184regbldchurchcottage.pdf"
"1155120261","","","Close Lake House","","","Registered","189","https://www.gov.im/media/631499/0500189regbldcloselake.pdf"
"1155121562","","","","","","Registered","209","https://www.gov.im/media/633023/0500209regbldmullinaragher.pdf"
"1155121563","","","","","","Registered","209","https://www.gov.im/media/633023/0500209regbldmullinaragher.pdf"
"1155121564","","","","","","Registered","209","https://www.gov.im/media/633023/0500209regbldmullinaragher.pdf"
"1155127042","","","","","","Registered","210","https://www.gov.im/media/632423/0500210regbld411harristerrace.pdf"
"1155127043","","","","","","Registered","210","https://www.gov.im/media/632423/0500210regbld411harristerrace.pdf"
"1155127044","","","","","","Registered","210","https://www.gov.im/media/632423/0500210regbld411harristerrace.pdf"
"1155127045","","","","","","Registered","210","https://www.gov.im/media/632423/0500210regbld411harristerrace.pdf"
"1155127046","","","","","","Registered","210","https://www.gov.im/media/632423/0500210regbld411harristerrace.pdf"
"1155127047","","","","","","Registered","210","https://www.gov.im/media/632423/0500210regbld411harristerrace.pdf"
"1155127048","","","","","","Registered","210","https://www.gov.im/media/632423/0500210regbld411harristerrace.pdf"
"1155138615","","","","","","Registered","229","https://www.gov.im/media/631595/0500229regbldthelodge.pdf"
"1155200502","","","Clucas Laundry Old Engine Room, Chimneys and Sluices, Tromode","","","Registered","222","https://www.gov.im/media/632783/0500222regbld-clucas-laundry-old-engine-room-add.pdf"
