"osm_id","osm_type","osm_url","lat","lon","name","name:en","name:gv","amenity","addr:unit","addr:housename","addr:housenumber","addr:substreet","addr:street","addr:locality","addr:place","addr:city","addr:postcode","addr:country","website","contact:website","phone","contact:phone","contact:email","contact:facebook"
"79141643","way","https://osm.org/way/79141643","54.147838746421506","-4.482733814587979","14North","","","restaurant","","","14","","North Quay","","","","","IM","https://14north.im/","","+44 1624 664414","","",""
"420051240","way","https://osm.org/way/420051240","54.14893291289058","-4.478557916371614","A Café","","","cafe","","","20","","Duke Street","","","Douglas","","IM","","","","","",""
"101784669","way","https://osm.org/way/101784669","54.07180344971533","-4.73788612237797","Albert Hotel","Albert Hotel","Yn Çhenn Lhong","pub","","Albert Hotel","","","Athol Street","","","Port Saint Mary","","IM","","","","","","https://www.facebook.com/TheAlbertPLM/"
"186415864","way","https://osm.org/way/186415864","54.148380424238226","-4.478508274328897","Aloha","","","cafe","1c","Manning House","","","Lord Street","","","Douglas","","IM","","","","","",""
"549539677","node","https://osm.org/node/549539677","54.222812","-4.691643","Anatolia","","","fast_food","","","2a","","Christian Street","","","Peel","","IM","","","+441624840888","","",""
"505512407","node","https://osm.org/node/505512407","54.07746","-4.739544","Andrea's","","","restaurant","","Points of Call","","","Bay View Road","","","","","IM","","","01624 834040","","",""
"11964344884","node","https://osm.org/node/11964344884","54.152624","-4.50422","Aqua Café","","","cafe","","","","","","","","","","","","https://www.aquacafe.im/","","+44 1624 610480","manager@aquacafe.im",""
"247968410","way","https://osm.org/way/247968410","54.17605639346874","-4.457426966528559","Archibald Knox","","","pub","","","","","Avondale Road","","","Onchan","IM3 4EZ","IM","https://pubsandbars.im/venue/archibald-knox/","","","","",""
"92112419","way","https://osm.org/way/92112419","54.17015667033654","-4.617830408676382","Ard Jerkyll","","","cafe","","","","","","","","","IM4 3HL","IM","https://www.manxspca.com","","","","",""
"11261590904","node","https://osm.org/node/11261590904","54.174191","-4.455275","Arty Barista","","","cafe","","","","","","","","","","","","","","","",""
"410386584","way","https://osm.org/way/410386584","54.14797485011238","-4.483246394127162","Asia Fresh","","","restaurant","","","4-6","","Quines Corner","","","Douglas","IM1 4LF","IM","https://www.asiafresh.co.uk","","","","","https://www.facebook.com/asiafresh.co.uk/"
"11881848854","node","https://osm.org/node/11881848854","54.084153","-4.758123","Athol Park Chinese Restaurant","","","restaurant","","Athol Park Guest House","","","Athol Park","","","Port Erin","IM9 6EX","IM","","","","","","https://www.facebook.com/p/Athol-Park-Chinese-Restaurant-100067607140828/"
"80822388","way","https://osm.org/way/80822388","54.16444647600474","-4.468311482445401","Aura Bar & Bistro","","","restaurant","","","","","Queens Promenade","","","Douglas","IM2 4NH","IM","","https://www.aurabarbistro.com/","","+44 1624 620999","",""
"279663208","way","https://osm.org/way/279663208","54.08506467122905","-4.755967654323242","Bakeaway Cafe","","","cafe","","","","","","","","","","","","","+44 1624 832792","","",""
"925621389","way","https://osm.org/way/925621389","54.237460098815056","-4.408782500116706","Ballacregga Corn Mill","","","restaurant","","","","","","","","","","","","","","","","https://www.facebook.com/ballacregga/"
"813974471","way","https://osm.org/way/813974471","54.14979988014147","-4.482607380208563","Bar George","","","pub","","","","","Hill Street","","","Douglas","","","https://www.bargeorge.net/","","","","",""
"102856155","way","https://osm.org/way/102856155","54.32199234848538","-4.383364415146324","Bar Logo","","","pub","","","39","","Parliament Street","","","Ramsey","IM8 1AU","IM","","","","","",""
"102638493","way","https://osm.org/way/102638493","54.321833740202415","-4.379324450999367","Barbary Coast","","","restaurant","","","","","Market Place","","","Ramsey","IM8 1JY","IM","https://barbarynorthcoast.im","","","","",""
"149066482","way","https://osm.org/way/149066482","54.220154224629816","-4.678012574969018","Barbary West Coast","","","restaurant","","","","","Poortown Road","","","Peel","IM5 1XF","IM","https://barbarywestcoast.im/","","+44 1624 604833","","",""
"102856174","way","https://osm.org/way/102856174","54.32216361084509","-4.386047222551935","Barista Coffee House","","","cafe","","","89","","Parliament Street","","","Ramsey","IM8 1AQ","IM","","","","","",""
"60003741","way","https://osm.org/way/60003741","54.07116310413346","-4.611365754920523","Bay Green","","","restaurant","","","","","","","","","","","https://castletowngolflinks.com/bay-green-restaurant/","","","+44 1624 822211","baygreeniom@gmail.com",""
"415157472","way","https://osm.org/way/415157472","54.15391787775934","-4.479018790540916","Best Kebab","","","fast_food","","","2","","Marina Road","","","Douglas","","IM","https://bestkebabiom.com","","","","","https://www.facebook.com/bestkebabhouseIOM/"
"1091965723","way","https://osm.org/way/1091965723","54.22351157430173","-4.697433617437655","Black Dog Oven (Dogs Nollick)","","","restaurant","","","","","","","","","","","","","+44 7624 230209","+44 7624 230209","Blackdogoven@gmail.com","https://www.facebook.com/Blackdogoven/"
"10620013850","node","https://osm.org/node/10620013850","54.150811","-4.48371","Blue Cafe","","","cafe","","","","","","","","","","","","","","","",""
"410363363","way","https://osm.org/way/410363363","54.14786945734491","-4.480650235493289","Bonjour Creperie","","","restaurant","","","3","","Ridgeway Street","","","Douglas","IM1 1EW","IM","","","","","",""
"1207352796","node","https://osm.org/node/1207352796","54.154772","-4.478748","Bonzai Pan Asian Restaurant","","","restaurant","","The Sefton","","","Harris Promenade","","","Douglas","","IM","https://bonzai-kitchen.im","","","","",""
"102638473","way","https://osm.org/way/102638473","54.321588873205776","-4.379300731001431","Bourne Plaice","","","fast_food","","","1","","Dale Street","","","Ramsey","IM8 1BJ","IM","","","","","","https://www.facebook.com/BournePlaiceFishandChips/"
"101833335","way","https://osm.org/way/101833335","54.0824547131125","-4.758786374740511","Breagle Glen","","","restaurant","","","","","Saint Georges Crescent","","","Port Erin","IM9 6JJ","IM","http://breagleglen.com","","","","",""
"10134773760","node","https://osm.org/node/10134773760","54.148575","-4.481052","Breizh Vannin Crêperie","","","restaurant","","","","","","","","","","","","","+447624454414","","",""
"416526310","way","https://osm.org/way/416526310","54.15309209723618","-4.478868440314506","Brendan O'Donnell's","","","pub","","","16-18","","Castle Street","","","Douglas","IM1 2EU","IM","https://pubsandbars.im/venue/brendan-odonnells/","","+44 1624 621566","","",""
"167556267","way","https://osm.org/way/167556267","54.38226851083612","-4.389314670079404","Bride Tea Rooms","","","cafe","","","","","","","","Bride","IM7 4AT","IM","https://bridetearooms.weebly.com/","","","","","https://www.facebook.com/Bride.Tea.Rooms"
"102856211","way","https://osm.org/way/102856211","54.3223273639527","-4.3845748215551","Brunch","","","cafe","","Kermode House","74","","Parliament Street","","","Ramsey","IM8 1AG","IM","","","","","",""
"937630387","node","https://osm.org/node/937630387","54.151975","-4.535615","Cafe @ Riley's Garden Centre","","","cafe","","","","","Cooil Road","","","Douglas","IM4 2AF","IM","https://rileys.co.im/cafe/","","","","",""
"452662085","node","https://osm.org/node/452662085","54.149926","-4.480248","Cafe Delight","","","cafe","","","","","Prospect Hill","","","Douglas","","","https://www.cafedelight.co.uk/","","+44 1624 660557","","",""
"80249697","way","https://osm.org/way/80249697","54.148368917480575","-4.478323263237112","Cafe Laare","","","cafe","","","1","","Lord Street","","","Douglas","","IM","https://www.sch.im/Youth/IOMYOUTH/Laare.html","","","","",""
"11167151447","node","https://osm.org/node/11167151447","54.085377","-4.755936","Cafe Red","","","cafe","","","37","","Station Road","","","Port Erin","IM9 6AW","IM","","","","","","https://www.facebook.com/CafeRedPE/"
"939415403","node","https://osm.org/node/939415403","54.155423","-4.478399","Cafe Villa","","","cafe","4","Villa Marina Arcade","","","Harris Promenade","","","Douglas","IM1 2HJ","IM","","","","","","https://www.facebook.com/p/Cafe-Villa-100090273510275/"
"59540949","way","https://osm.org/way/59540949","54.08308506803151","-4.613337450986419","Café Bar Two-Six","","","restaurant","","The Old Clubhouse","","","Airport Road","","","Derbyhaven","IM9 1TU","IM","http://www.manxflyersaeroclub.com","","","+44 7624 222620","",""
"505528511","node","https://osm.org/node/505528511","54.320327","-4.444268","Café Rosa","","","cafe","","","","","Lezayre Road","","","Glenduff","","IM","https://www.caferosa.net/","","","","",""
"87988780","way","https://osm.org/way/87988780","54.06397559756135","-4.792385730625793","Calf Sound Cafe","","","cafe","","","","","Sound Road","","","Port Erin","IM9 5PZ","IM","https://thesound.im","","+44 1624 838123","","",""
"417401591","way","https://osm.org/way/417401591","54.152370554330346","-4.478956397730855","Capone's Diner","","","restaurant","","","84","","Strand Street","","","Douglas","IM1 2EP","IM","","","","","","https://www.facebook.com/caponesiom"
"60757131","way","https://osm.org/way/60757131","54.074063433443094","-4.65236023490767","Castle Arms","","","pub","","","","","The Quay","","","Castletown","IM9 1LD","IM","https://pubsandbars.im/venue/castle-arms/","","","","",""
"1154135530","way","https://osm.org/way/1154135530","54.157769687916996","-4.477883423278098","Cheng Du Impression","","","restaurant","","","18","","Broadway","","","Douglas","IM2 4EL","IM","","","","","",""
"456430223","node","https://osm.org/node/456430223","54.166583","-4.464157","Chillies","","","restaurant","","","1 South View","","Queens Promenade","","","","","IM","","","","","",""
"10889622603","node","https://osm.org/node/10889622603","54.167182","-4.461962","Chinatown","","","restaurant","","","7/8","","Strathallan Crescent","","","Douglas","IM2 4NR","IM","http://www.chinatown-iom.com","","","","",""
"4969122524","node","https://osm.org/node/4969122524","54.32132","-4.381638","Chingan","","","restaurant","","","","","Court Row","","","Ramsey","IM8 1JS","IM","http://chinganskitchen.com","","","+44 1624 817412","","https://www.facebook.com/p/Chingans-Asian-Kitchen-100072261787732/"
"81446777","way","https://osm.org/way/81446777","54.15092610062504","-4.478148025207174","Coast","","","restaurant","","","18-22","","Loch Promenade","","","Douglas","IM1 2LX","IM","https://www.coast.im","","+44 1624 698888","","",""
"10289485880","node","https://osm.org/node/10289485880","54.152579","-4.481128","Coffee Corner","","","cafe","6","Rosemary House","37","","Finch Road","","","Douglas","IM1 2PR","IM","","","","+44 1624 619209","offeecorner@manx.net",""
"4585539957","node","https://osm.org/node/4585539957","54.073367","-4.653917","CoffeeCraft, Castletown","","","cafe","","","","","","","","","","","","","","","",""
"393264135","way","https://osm.org/way/393264135","54.096462270576446","-4.702011514054498","Colby Glen Hotel","","","pub","","","","","Colby Main Road","","","Colby","IM9 4LR","IM","https://pubsandbars.im/venue/the-colby-glen/","","+441624834853","","",""
"846243994","node","https://osm.org/node/846243994","54.161302","-4.475081","Conservatory Restaurant","","","restaurant","","Welbeck Hotel","","","Mona Drive","","","Douglas","","IM","http://www.welbeckhotel.com/restaurant.html","","+44 1624 675663","","",""
"2935283908","node","https://osm.org/node/2935283908","54.32183","-4.380985","Cooil Bar","","","bar","","","","","","","","","","","","","","","",""
"101812295","way","https://osm.org/way/101812295","54.076919235266246","-4.738967443180196","Corner House Coffee","","","cafe","","Seamount","","","Bay View Road","","","Port Saint Mary","IM9 5AG","IM","","","","","",""
"1185135506","way","https://osm.org/way/1185135506","54.085192807189735","-4.7602840777408355","Cosmic Ice Cream","","","cafe","","","","","","","","","","","","","","","",""
"61649820","way","https://osm.org/way/61649820","54.32972782536745","-4.386813060960971","Costa","","","cafe","","","","","","","","","","","","","","","",""
"414637480","way","https://osm.org/way/414637480","54.07401185551202","-4.652235950626776","Costa","","","cafe","","Castlegate","","","Castle Street","","","Castletown","IM9 1LD","IM","","","","","",""
"419113934","way","https://osm.org/way/419113934","54.15182277578427","-4.479385765158922","Costa","","","cafe","","","65","","Strand Street","","","","","IM","","","","","",""
"1107791004","way","https://osm.org/way/1107791004","54.321702406819455","-4.380837473585895","Costa","","","cafe","","","","","","","","","","","","","","","",""
"4200367949","node","https://osm.org/node/4200367949","54.148376","-4.473731","Costa","","","cafe","","","","","","","","","","","","","","","",""
"9952891796","node","https://osm.org/node/9952891796","54.183667","-4.566862","Costa","","","cafe","","","","","","","Crosby Meadows","Crosby","IM4 2EE","IM","","","","","",""
"10295227844","node","https://osm.org/node/10295227844","54.086576","-4.633861","Costa","","","cafe","","","","","","","","","","","","","","","",""
"79396808","way","https://osm.org/way/79396808","54.0871605","-4.759116999999999","Cosy Nook Cafe","","","cafe","","","","","The Promenade","","","Port Erin","IM9 6HH","IM","","","+44 1624 835020","","","https://www.facebook.com/cosynookporterin/"
"1164189639","way","https://osm.org/way/1164189639","54.321616420618454","-4.380730113539512","Court Café","","","cafe","","","12","","Parliament Street","","","Ramsey","","IM","","","","","",""
"908204536","way","https://osm.org/way/908204536","54.20732939624626","-4.465954530792341","Creg-ny-baa","","","pub","","","","","Mountain Road","","","","IM4 5BP","IM","https://www.creg-ny-baa.com/","","","","",""
"59400622","way","https://osm.org/way/59400622","54.06907062322256","-4.7683033812519975","Cregneash Cafe","Cregneash Cafe","","cafe","","Creg-y-Shee","","","","","Cregneash","","IM9 5PX","IM","https://thesound.im/cregneash-cafe/","","","","","https://www.facebook.com/CregneashTeaRooms/"
"718204386","way","https://osm.org/way/718204386","54.14944662367044","-4.480335560916154","Deli by Shar","","","cafe","","","27","","Nelson Street","","","Douglas","","IM","","","","+44 7624 342910","",""
"1107455507","way","https://osm.org/way/1107455507","54.16752606920247","-4.4520286199534835","Delissimo","","","cafe","","","10","","","","Port Jack","Onchan","IM3 1EB","IM","","","","","",""
"11826361905","node","https://osm.org/node/11826361905","54.321616","-4.378031","Dogs lounge","","","cafe","","","","","","","","","","","","","","","",""
"247968423","way","https://osm.org/way/247968423","54.17545485023925","-4.456083731573815","Domino's","","","fast_food","","","24A","","Avondale Road","","","Onchan","IM3 4EA","IM","","https://www.dominos.co.uk/pizza-near-me/douglas/unit-24b-the-village-walk","","","",""
"655702919","way","https://osm.org/way/655702919","54.151695565865985","-4.504321307948801","Domino's","","","fast_food","","","","","Groves Road","","","Douglas","IM2 1DU","IM","https://www.dominos.co.uk/pizza-near-me/douglas/groves-road","","","","",""
"60675006","way","https://osm.org/way/60675006","54.14944061774344","-4.478341219762011","Downtown","","","cafe","","","","","","","","","","","","","","","",""
"5448647413","node","https://osm.org/node/5448647413","54.222717","-4.693906","Duncan's Diner","","","cafe","","","20/22","","Michael Street","","","Peel","IM5 1HB","IM","","","","","",""
"241013778","way","https://osm.org/way/241013778","54.15201961944854","-4.48317102859469","Enzo's","","","restaurant","","","52","","Bucks Road","","","Douglas","IM1 3AD","IM","","","+44 1624 622653","","",""
"1306229008","way","https://osm.org/way/1306229008","54.22488400000001","-4.697366500000001","Fish Bar","","","fast_food","","","","","","","","","","","","","","","",""
"1220527322","way","https://osm.org/way/1220527322","54.15247726826183","-4.4835739789181766","Flaming Great","","","fast_food","","","68","","Bucks Road","","","Douglas","","IM","","","+44 1624 611030","","",""
"505512377","node","https://osm.org/node/505512377","54.157875","-4.478294","Flavours Indian Cuisine","","","restaurant","","Broadway Apartments","1","Sherwood Terrace","Broadway","","","Douglas","IM2 4EN","IM","https://www.facebook.com/flavoursIndiancuisinebroadway/","","+44 1624 665599","","",""
"1243246099","way","https://osm.org/way/1243246099","54.14968512890304","-4.50518552379144","Food Paradise","","","fast_food","","","","","","","","","","","","","","+44 1624 629988","",""
"10724496951","node","https://osm.org/node/10724496951","54.084604","-4.765317","Foraging Vintners","","","bar","","The Old Coal Shed","","","Breakwater Road","","","Port Erin","IM9 6JA","IM","https://www.foragingvintners.com","","","","",""
"939413216","node","https://osm.org/node/939413216","54.155649","-4.478281","Frank Matcham's","","","restaurant","1-3","","","","Harris Promenade","","Villa Marina Arcade","Douglas","IM1 2NH","IM","https://matchams.im/","","","","","https://www.facebook.com/FrankMatchams"
"101799789","way","https://osm.org/way/101799789","54.077915056523","-4.739503324028705","Fresh Fried & Crispy","","","fast_food","","Beacon View","","","Station Road","","","Port St Mary","","IM","https://freshfriedandcrispy.im","","+44 7624 200586","","","https://www.facebook.com/profile.php?id=100071446280489"
"419775938","way","https://osm.org/way/419775938","54.149407268746074","-4.478037931737295","Freshly Squeezed","","","cafe","","","14","","Victoria Street","","","Douglas","IM1 2LD","IM","","https://freshlysqueezed.im/","+441624613585","+441624613585","","https://facebook.com/FreshlySqueezedIOM/"
"82614425","way","https://osm.org/way/82614425","54.15233650021259","-4.483430109430327","Froth","","","cafe","","","62","","Bucks Road","","","Douglas","","IM","","","+44 1624 612883","","","https://www.facebook.com/FrothIOM/"
"420051246","way","https://osm.org/way/420051246","54.148256255707985","-4.47900653894258","Full Moon Thai","","","restaurant","","","3","","Market Hill","","","Douglas","","IM","","","","+44 1624 236697","",""
"5162989593","node","https://osm.org/node/5162989593","54.147663","-4.484593","Gali Kitchen","","","restaurant","","","","Clinch's Court","Bank Hill","","","Douglas","IM1 1JE","IM","http://www.galikitchen.co.uk/","","+44 1624 613036","","",""
"916257505","node","https://osm.org/node/916257505","54.170687","-4.445902","Gandhi Restaurant","","","restaurant","","","59","","King Edward Road","","","Onchan","IM3 2AR","IM","https://gandhiiom.com/","","1624 677774","","",""
"1164180985","way","https://osm.org/way/1164180985","54.321251578773364","-4.380037637953032","Gelatory","","","cafe","","","1","","Market Hill","","","Ramsey","IM8 1JT","IM","https://www.gelatory.store","","","","",""
"100018176","way","https://osm.org/way/100018176","54.073126484405435","-4.653755615690425","George Hotel","","","pub","","","","","The Parade","","","Castletown","IM9 1LG","IM","https://www.thegeorge.im","","","","",""
"412956695","way","https://osm.org/way/412956695","54.32097465734962","-4.470840932460094","Ginger Hall Hotel","","","pub","","","","","Ballamanagh Road","","","Sulby","IM7 2HB","IM","","","","","","https://www.facebook.com/TheGingerHallHotel"
"230777716","way","https://osm.org/way/230777716","54.270314073750654","-4.377343316233969","Glen Mona Hotel","","","pub","","","","","","","","","","","http://www.glenmonasc.co.uk/","","+44 1624 861263","","",""
"165129858","way","https://osm.org/way/165129858","54.17121019255088","-4.484214540716576","Golden Gate","","","fast_food","","","13","","Snaefell Road","","","Douglas","IM2 6LX","IM","","","","","",""
"102785238","way","https://osm.org/way/102785238","54.32159392406564","-4.381823874876295","Golden Phoenix","","","restaurant","","","13-15","","Parliament Street","","","Ramsey","IM8 1AS","IM","","","","","","https://www.facebook.com/goldenphoenixiom/"
"101812267","way","https://osm.org/way/101812267","54.076687101375136","-4.738710983068994","Good Luck","","","fast_food","","Laureston House","","","Bay View Road","","","Port Saint Mary","IM9 5AQ","IM","","","+441624836211","","",""
"102638510","way","https://osm.org/way/102638510","54.320936229045046","-4.38107495429478","Good Stuff","","","restaurant","","","6","","Peel Street","","","Ramsey","IM8 1JH","IM","http://goodstuffiom.com/","","+441624610225","","",""
"416526311","way","https://osm.org/way/416526311","54.152913659129304","-4.478907710591501","Gourmet Shakes 'n' Snacks","","","cafe","","","10","","Castle Street","","","","","IM","","","","","",""
"10017458753","node","https://osm.org/node/10017458753","54.147893","-4.503105","Green Island Coffee","","","cafe","5","","","","","","Middle River Industrial Estate","Douglas","IM2 1AL","IM","","","+44 7624 234223","","","https://www.facebook.com/foodtotruck/"
"292052815","way","https://osm.org/way/292052815","54.2030227240377","-4.6421422284689395","Green's","","","cafe","","","","","St Johns Main Road","","","St John's","IM4 3NA","IM","http://www.greensiom.com","","","","","https://www.facebook.com/greenscafeiom/"
"10877834594","node","https://osm.org/node/10877834594","54.174331","-4.509552","Greenfield Park cafe","","","cafe","","","","","","","","","","","","","","","",""
"416526317","way","https://osm.org/way/416526317","54.15312723760653","-4.479222343516063","HOPS","","","bar","","","17","","Castle Street","","","Douglas","IM1 2EX","IM","","","","","","https://www.facebook.com/HopsIOM/"
"478680059","node","https://osm.org/node/478680059","54.161435","-4.47495","HQ Bar","","","restaurant","","","1","","Empire Terrace","","","Douglas","IM2 4LE","IM","https://www.hqbar.im/","","","","",""
"942516656","node","https://osm.org/node/942516656","54.161287","-4.473502","Haneffe's Bar And Grill","","","restaurant","","","","","","","","","","","","","","","",""
"146835165","way","https://osm.org/way/146835165","54.22402711615603","-4.6950419705914115","Harbour Lights","","","restaurant","","","","","Shore Road","","","Peel","IM5 1AH","IM","","","","","","https://www.facebook.com/harbourlightspeel/"
"478926156","node","https://osm.org/node/478926156","54.158295","-4.479164","Home Run Pizza","","","fast_food","","","","","Broadway","","","Douglas","","IM","http://www.homerunpizza.co.uk","","+44 1624 611621","","","https://www.facebook.com/homerunpizzaiom/"
"4770205299","node","https://osm.org/node/4770205299","54.147536","-4.484474","Hooded Ram","","","pub","","","","Clinch's Court","North Quay","","","Douglas","IM1 1JE","IM","http://www.hoodedram.com/the-bars/douglas-isle-of-man/","","+44 1624 613036","","",""
"59523619","way","https://osm.org/way/59523619","54.155526","-4.533648000000001","Horse and Plough","","","pub","","","","","","","Isle of Man Business Park","Douglas","IM2 2QZ","IM","https://pubsandbars.im/venue/horse-plough/","","","","",""
"81446764","way","https://osm.org/way/81446764","54.15255589114571","-4.478721213177535","Hot Wok","","","fast_food","","","2","","Granville Street","","","Douglas","IM1 2ES","IM","","","+44 1624 677018","","",""
"100789408","way","https://osm.org/way/100789408","54.07390502359949","-4.65518672297047","I ♥ Kebabs","","","fast_food","","","","","","","","","","","","","","","",""
"146911007","way","https://osm.org/way/146911007","54.22239218997528","-4.69742906893","Indian Kitchen","","","restaurant","","","","","East Quay","","","Peel","IM5 1AR","IM","https://www.flavoursiom.com","","+44 1624 875726","","",""
"233925096","way","https://osm.org/way/233925096","54.231556369659465","-4.406347045891254","Isabella's Pizzeria","","","restaurant","","Old Post Office","13","","New Road","","","Laxey","","","","","+44 7624 322321","","","https://m.facebook.com/100092946731180/"
"280860894","way","https://osm.org/way/280860894","54.151786693726585","-4.4829877474754545","Isle of Gelato","","","cafe","","","42","","Bucks Road","","","Douglas","IM1 3AH","IM","","","","+44 1624 815207","",""
"79143392","way","https://osm.org/way/79143392","54.14900039794235","-4.4811383814227685","Isola","","","restaurant","","","7","","John Street","","","Douglas","","IM","","","","","",""
"944189615","node","https://osm.org/node/944189615","54.150471","-4.478036","JAR","","","restaurant","","","","","","","","","","","http://www.jar.co.im/","","","","",""
"455952594","node","https://osm.org/node/455952594","54.150296","-4.47766","JAR Bar","","","bar","","","12","","Loch Promenade","","","","","IM","http://www.admiralhouse.com/jar-bar-grill/","","","","",""
"410363358","way","https://osm.org/way/410363358","54.14785003988522","-4.479837009214716","JC's Bar & Restaurant","","","restaurant","","","32","","North Quay","","","Douglas","IM1 4LB","IM","","","+44 1624 677774","","",""
"146833062","way","https://osm.org/way/146833062","54.223808371205436","-4.69739120768105","Jade Harbour Restaurant","","","restaurant","","","","","East Quay","","","Peel","IM5 1AR","IM","","https://jadeharbour.com/","","+44 1624 845353","info@jadeharbour.com",""
"415157496","way","https://osm.org/way/415157496","54.15274468734239","-4.478597689558127","Jaks","","","pub","","Granville Hotel","43","","Loch Promenade","","","Douglas","IM1 2LZ","IM","https://www.jakspub.com/","","","","",""
"755354026","way","https://osm.org/way/755354026","54.14974947967247","-4.480926485674997","Java Express","","","cafe","","","11","","Prospect Hill","","","Douglas","","IM","","https://www.facebook.com/pages/Java-Express-Coffee-Shop-Noodle-Bar/129290450474431","","+44 1624 677228","",""
"11360381821","node","https://osm.org/node/11360381821","54.07334","-4.653888","Just Jenny's Cakes & Coffee","","","cafe","","The Square","","","Market Square","","","Castletown","","IM","","","","","",""
"1125185107","way","https://osm.org/way/1125185107","54.15135272839886","-4.499301730814674","KFC","","","fast_food","10-14","","","","","","Peel Road Retail Park","Douglas","IM1 5ED","IM","","","","","",""
"11901768060","node","https://osm.org/node/11901768060","54.077656","-4.739202","Kellas","","","restaurant","","Manxonia House","","","Bay View Road","","","Port St Mary","","IM","https://www.kellas.im","","","","","https://www.facebook.com/KellasIsleofMan"
"1286650367","way","https://osm.org/way/1286650367","54.0926553239667","-4.628045296767646","Kelly's Cafe","","","cafe","KB1","","","","Harcourt Drive","","Balthane Industrial Estate","Ballasalla","IM9 2AH","IM","","","","+44 7624 455807","","https://www.facebook.com/KellysCafe1234/"
"60048766","way","https://osm.org/way/60048766","54.084372","-4.754988000000001","Kerroo Brewing Company","","","pub","","Fromer Commissioners' Depot","","","Droghadfayle Road","","","Port Erin","IM9 6EE","IM","","https://kerroobrewing.com/","","","hello@kerroobrewing.com",""
"948933232","node","https://osm.org/node/948933232","54.152319","-4.478392","Kiki Lounge","","","bar","","","","","","","","","","","https://www.kikis.im/","","+447624324774","","",""
"1304426289","way","https://osm.org/way/1304426289","54.15869428285609","-4.482339647877478","Kirin","","","fast_food","","","5","","Bathurst Street","","","Douglas","IM2 3HH","IM","","","","","",""
"100464827","way","https://osm.org/way/100464827","54.07366350598192","-4.6519125082456885","Kizuna","","","restaurant","","Harbour Mews","","","Parliament Square","","","Castletown","","IM","","","","","",""
"5161120724","node","https://osm.org/node/5161120724","54.166564","-4.464126","Kurries and Steaks","","","restaurant","","","","","Queens Promenade","","","Douglas","IM2 4NP","IM","http://www.kurriesandsteaks.com/","","+44 1624 613811","","",""
"12459262014","node","https://osm.org/node/12459262014","54.166193","-4.465192","L'experience","","","restaurant","","","","","","","","","","","http://www.lex.co.im/","","+44 1624 612211","","",""
"5159244165","node","https://osm.org/node/5159244165","54.083975","-4.763263","La Gusto Pizza","","","restaurant","","","","","Shore Road","","","Port Erin","IM9 6HL","IM","","","+44 1624 834834","","",""
"283500412","node","https://osm.org/node/283500412","54.226795","-4.392324","La Mona Lisa","","","restaurant","","","","","Glen Road","","","","","IM","https://www.lamonalisa.im","","+44 1624 862488","","",""
"455952597","node","https://osm.org/node/455952597","54.14896","-4.475548","La Piazza","","","restaurant","","","","","Loch Promenade","","","","","IM","https://www.lapiazza.co.im/","","","","",""
"10599130563","node","https://osm.org/node/10599130563","54.328188","-4.383943","Lakeview","","","restaurant","","","","","","","","","","","","","","","",""
"12463077640","node","https://osm.org/node/12463077640","54.225022","-4.391271","Laxey Beach Cafe","","","cafe","","","","","","","","","","","","","","","",""
"11126166850","node","https://osm.org/node/11126166850","54.231429","-4.409195","Laxey Glen Cafe","","","restaurant","","","","","","","","","","","","","","","",""
"453442522","node","https://osm.org/node/453442522","54.232023","-4.405227","Laxey Station Cafe","","","cafe","","","","","","","","","","","","","","","",""
"540218375","way","https://osm.org/way/540218375","54.07323476016647","-4.652595927365714","Leonardo's","","","restaurant","","Stanley House","","","Castle Street","","","Castletown","IM9 1LF","IM","","","+44 1624 827635","","",""
"79143112","way","https://osm.org/way/79143112","54.14774811164849","-4.480633510071639","Little Fish Cafe","","","cafe","","","31,31a","","North Quay","","","Douglas","","IM","https://www.littlefishcafe.com","","","","",""
"246812764","way","https://osm.org/way/246812764","54.17546401862447","-4.456615011612522","Loong Tan Garden","","","restaurant","","","11B","","Avondale Road","","","Onchan","IM3 4EA","IM","","","","","",""
"246386233","way","https://osm.org/way/246386233","54.220389068896516","-4.67738921098649","Lotus","","","restaurant","","","","","","","","","","","","","","","",""
"59523618","way","https://osm.org/way/59523618","54.155472814237","-4.533931015423759","Lucky House","","","restaurant","","","","","","","Isle of Man Business Park","Douglas","IM2 2SP","IM","","","","+44 1624 671188","",""
"1069323499","node","https://osm.org/node/1069323499","54.159889","-4.48182","Magic Wok","","","fast_food","","","1","","Waverley Terrace","","","Douglas","IM2 3HZ","IM","","","","","","https://www.facebook.com/MagicWok.IOM/"
"11769042155","node","https://osm.org/node/11769042155","54.162748","-4.471248","Majestic","","","restaurant","","","","","Central Promenade","","","Douglas","IM2 4NA","IM","https://palacehotel.co.im/majestic/","","","","",""
"727751260","node","https://osm.org/node/727751260","54.150091","-4.478072","Malabar","","","restaurant","","","7","","Regent Street","","","Douglas","","IM","","","","","",""
"456430224","node","https://osm.org/node/456430224","54.166641","-4.463981","Mama's Kitchen","","","cafe","","South View","","","Queens Promenade","","","Douglas","","IM","","","","","",""
"79398105","way","https://osm.org/way/79398105","54.08575325636515","-4.757497595032379","Mandarin","","","fast_food","","","26","","Church Road","","","Port Erin","IM9 6AQ","IM","","","+44 1624 835555","","","https://www.facebook.com/MandarinTakeaway/"
"102856189","way","https://osm.org/way/102856189","54.32238230156787","-4.386143982915781","Mandarin Chinese Take Away","","","fast_food","","","82","","Parliament Street","","","Ramsey","IM8 1AD","IM","","","","","",""
"99620577","way","https://osm.org/way/99620577","54.319216136923174","-4.514902384664136","Mangrove Café","","","cafe","","","","","Main Road","","Curraghs Wildlife Park","Ballaugh","IM7 5EA","IM","https://www.curraghswildlifepark.im/whats-here/mangrove-cafe/","","","","",""
"981865467","way","https://osm.org/way/981865467","54.17439687250997","-4.455543978719166","Manx Arms","","","pub","","","","","Onchan Main Road","","","Onchan","IM3 1BE","IM","https://pubsandbars.im/venue/manx-arms/","","","","",""
"10134769069","node","https://osm.org/node/10134769069","54.148683","-4.481042","Manx Cat Cafe","","","cafe","","","6","","Church Street","","","Douglas","IM1 2AG","IM","https://www.manxcatcafe.co.uk/","","07624 292122","","",""
"59700887","way","https://osm.org/way/59700887","54.224035910609174","-4.695491461088964","Marine Hotel","","","pub","","","","","Shore Road","","","Peel","IM5 1AH","IM","https://the-marine-hotel.business.site","","","","","https://www.facebook.com/themarinepeel/"
"943742952","node","https://osm.org/node/943742952","54.157823","-4.477112","Marmaris","","","fast_food","","","","","","","","","","","https://www.marmarisiom.com/","","+441624671995","","",""
"1185135507","way","https://osm.org/way/1185135507","54.08517654198935","-4.760233088123946","Martha's Kitchen at the Quarterdeck","","","cafe","","","","","","","","","","","","","","","",""
"685338717","node","https://osm.org/node/685338717","54.155114","-4.484676","Masala Zone","","","restaurant","","","12","Prospect Terrace","Woodbourne Road","","","Douglas","IM1 3AL","IM","","","","+44 1624 610062","","https://www.facebook.com/masalazoneiom"
"59287722","way","https://osm.org/way/59287722","54.15362971814851","-4.501235090340463","McDonald's","","","fast_food","","","","","Peel Road","","","Douglas","IM1 5ED","IM","https://www.mcdonalds.com/gb/en-gb/location/douglas/isle-of-man/peel-road/8260816.html","","","","",""
"102785222","way","https://osm.org/way/102785222","54.32166957591592","-4.382248730166041","Mini Cafe","","","cafe","","","23","","Parliament Street","","","Ramsey","IM8 1AS","IM","","","","","",""
"102783356","way","https://osm.org/way/102783356","54.32172140110181","-4.381050043756758","Mitre Hotel","","","pub","","","16","","Parliament Street","","","Ramsey","","IM","","","","","",""
"11698003303","node","https://osm.org/node/11698003303","54.161848","-4.472554","Mojo's Fish and Chip Shop","","","fast_food","I","","","Castle Mona Colonnade","Central Promenade","","","Douglas","","IM","","","","","","https://www.facebook.com/Mojosfishandchipshop/"
"5162998754","node","https://osm.org/node/5162998754","54.147604","-4.484598","Mrs Yang's Restaurant","","","restaurant","","","","Clinch's Court","Bank Hill","","","Douglas","IM1 4QF","IM","http://www.mrsyangs.co.uk/","","+44 1624 886886","","",""
"414616167","way","https://osm.org/way/414616167","54.07378133602235","-4.654521190386249","Mustang Sally's American Diner","","","restaurant","","","10","","Arbory Street","","","Castletown","","IM","","","","","",""
"60928923","way","https://osm.org/way/60928923","54.149646073990894","-4.479325495565828","Naadu","","","restaurant","","","7-17","","Wellington Street","","","Douglas","IM1 2AS","IM","","https://naadu.im/","","+44 1624 615202","",""
"419775945","way","https://osm.org/way/419775945","54.14914847899495","-4.477828512514789","Nags Head","","","pub","","","","","","","","","","","","","","","",""
"549539745","node","https://osm.org/node/549539745","54.208136","-4.634523","Neb Cafe","","","cafe","","","","","","","","","","","","","","","",""
"11698003301","node","https://osm.org/node/11698003301","54.161906","-4.472473","Neos","","","restaurant","J","","","Castle Mona Colonnade","Central Promenade","","","Douglas","IM2 4LZ","IM","","https://neospizza.co.uk/","","+44 1624 614001","",""
"5169005099","node","https://osm.org/node/5169005099","54.17534","-4.45616","New Cod on the Block","","","fast_food","","","25B","","","","Village Walk","Onchan","IM3 4EA","IM","","","","+44 1624 602152","",""
"62226371","way","https://osm.org/way/62226371","54.15368234745207","-4.4790597319116685","New Hong Kong","","","fast_food","","","35","","Castle Street","","","Douglas","IM1 2HA","IM","","","","","",""
"62393619","way","https://osm.org/way/62393619","54.164104951417244","-4.7396784734353075","Niarbyl Cafe","","","cafe","","","","","","","","","","","https://manxnationalheritage.im/our-sites/niarbyl-cafe-dalby/","","","","",""
"419052368","way","https://osm.org/way/419052368","54.15004476824221","-4.478469606736165","Niko's Grill","","","fast_food","","","62","","Duke Street","","","Douglas","IM1 2SE","IM","https://www.nikosgrill.im","","","","","https://www.facebook.com/NikosGrill.im/"
"10991935211","node","https://osm.org/node/10991935211","54.147931","-4.47897","Noa","","","cafe","","","","","","","","","","","","","","","",""
"10992195968","node","https://osm.org/node/10992195968","54.148469","-4.475113","Noa Bakehouse","","","cafe","","Peveril Buildings","","","Peveril Square","","","Douglas","IM1 2BS","IM","https://noa.im","","","","",""
"457251821","node","https://osm.org/node/457251821","54.164387","-4.479076","Noble's Park Café","","","cafe","","","","","","","","","","","","","","","",""
"912358202","way","https://osm.org/way/912358202","54.324252436713216","-4.381000364797136","Northern Pool Cafe","","","cafe","","Mooragh Promenade","","","Mooragh Promenade","","","Ramsey","IM8 3AB","IM","","","","","","https://www.facebook.com/npciom/"
"419113944","way","https://osm.org/way/419113944","54.15172421844892","-4.4794028712257035","Oasis Sandwich Bar","","","cafe","","","61","","Strand Street","","","Douglas","","","","","","","",""
"10132078264","node","https://osm.org/node/10132078264","54.166925","-4.451276","Ocean Cafe","","","cafe","","","","","","","","","","","","","","","",""
"11208072343","node","https://osm.org/node/11208072343","54.16974","-4.455937","Ocean Views","","","restaurant","","","","","Onchan Pleasure Park","","","Onchan","IM3 1HU","IM","https://oceanviews.im","","","","",""
"186415861","way","https://osm.org/way/186415861","54.14827551937168","-4.478533180746745","Old Market Inn","","","pub","","","","","","","","","","","","","","","",""
"415157502","way","https://osm.org/way/415157502","54.15328580596298","-4.478840474862639","Orange Indya","","","restaurant","","","24","","Castle Street","","","","","IM","","","","","",""
"80984687","way","https://osm.org/way/80984687","54.14939761410519","-4.4792880673080875","Oscar's","","","bar","","","28","","Victoria Street","","","Douglas","IM1 2LE","IM","https://pubsandbars.im/venue/oscars/","","","","",""
"60675022","way","https://osm.org/way/60675022","54.1515069602222","-4.478365065585539","Paparazzi Pizza","","","restaurant","","","26/27","","Loch Promenade","","","Douglas","IM1 2LY","IM","https://paparazzidouglas.co.uk","","","","",""
"1207122004","node","https://osm.org/node/1207122004","54.162544","-4.471516","Paragon","","","restaurant","","","","","","","","","","","https://palacehotel.co.im/paragon-restaurant/","","+44 1624 662662","","",""
"1198251769","node","https://osm.org/node/1198251769","54.069336","-4.73713","Pavilion Restaurant","","","restaurant","","","","","Kallow Point Road","","","Port Saint Mary","IM9 5EJ","IM","https://psmpavilion.im","","","","",""
"497360275","node","https://osm.org/node/497360275","54.227516","-4.69776","Peel Breakwater Kiosk","","","cafe","","","","","","","","","","","","","","","",""
"147462133","way","https://osm.org/way/147462133","54.22303105188742","-4.689699739869506","Peel Fisheries Chippy","","","fast_food","","","6","","Christian Street","","","Peel","","IM","","","","","","https://www.facebook.com/peelfisherieschippy"
"147604379","way","https://osm.org/way/147604379","54.22419900248915","-4.695255005917937","Peel Kiosk","","","cafe","","","","","","","","","","","","","","","",""
"419775947","way","https://osm.org/way/419775947","54.14942285724385","-4.477722086066442","Peri Peri Chicken Victoria Grill","","","fast_food","","","8","","Victoria Street","","","Douglas","IM1 2LH","IM","http://www.periperichicken.im","","","","",""
"164658119","way","https://osm.org/way/164658119","54.15488211132892","-4.484189430907912","Pestle and Mortar","","","cafe","","","1A","","Windsor Road","","","Douglas","IM1 3JX","IM","","","","","","https://www.facebook.com/people/The-Pestle-Mortar-Coffee-Shop/100057260177919/"
"942516662","node","https://osm.org/node/942516662","54.159383","-4.475615","Piano Bar & Lounge","","","cafe","","The Empress","","","Central Promenade","","","Douglas","IM2 4RA","IM","https://www.theempresshotel.net/dining/restaurants-bars/piano-bar-lounge","","","","",""
"11261590911","node","https://osm.org/node/11261590911","54.17458","-4.454845","Pizza Bella","","","restaurant","","Elm Tree House","33","","Onchan Main Road","","","Onchan","","IM","","https://pizzabellaiom.com/","","+44 1624 673734","info@pizzabellaiom.com",""
"455952596","node","https://osm.org/node/455952596","54.148973","-4.475615","Pizza Hut Delivery","","","fast_food","","","","","","","","","","","","https://www.pizzahut.co.uk/huts/uk-1/8116-douglas-isle-of-man/","","","",""
"62241459","way","https://osm.org/way/62241459","54.15492684397949","-4.4844966984111085","Pizza Napoli","","","restaurant","","","4-6","Prospect Terrace","Woodbourne Road","","","Douglas","IM1 3AL","IM","https://www.pizzanapoli.im/","","","","",""
"943742963","node","https://osm.org/node/943742963","54.157842","-4.477177","Pizza Pizza","","","fast_food","","","","","","","","","","","","","","","",""
"414251741","way","https://osm.org/way/414251741","54.14766429095955","-4.483928755853451","Pizzaiolo","","","fast_food","","","11","Clinch's Court","North Quay","","","Douglas","","IM","","","","","",""
"102638482","way","https://osm.org/way/102638482","54.32163999019591","-4.380112524320624","Pizzanista","","","fast_food","","","","","Market Place","","","Ramsey","","IM","","","","","",""
"102856115","way","https://osm.org/way/102856115","54.3222192216476","-4.383136852908052","Plough","","","pub","","","46","","Parliament Street","","","Ramsey","","","","","","","","https://www.facebook.com/profile.php?id=100063761312134"
"60048739","way","https://osm.org/way/60048739","54.085473729183065","-4.756897607086801","Port Erin Chippy & Diner","","","fast_food","","","","","Station Road","","","Port Erin","IM9 6AE","IM","","","","","","https://www.facebook.com/PortErinChippyandDiner"
"1107455501","way","https://osm.org/way/1107455501","54.16730127960521","-4.4524636292232715","Port Jack Chippy","","","restaurant","","","7","","","","Port Jack","Onchan","","","","","","","",""
"280860908","way","https://osm.org/way/280860908","54.14784507369717","-4.482592002458014","Quayside","","","cafe","","","16","","North Quay","","","","","IM","","","","","",""
"1126198585","way","https://osm.org/way/1126198585","54.22942439179082","-4.403413731066293","Queens Hotel","","","pub","","","","","","","","","","","","","","","",""
"283491272","node","https://osm.org/node/283491272","54.153792","-4.478537","Quids Inn","","","pub","","Falcon Hotel","","","Loch Promenade","","","Douglas","","IM","","","","","",""
"2737881166","node","https://osm.org/node/2737881166","54.168719","-4.522235","Railway Inn","","","pub","","","","","Union Mills Main Road","","","Union Mills","","IM","","","","","","https://www.facebook.com/people/The-Railway-Inn-Union-Mills/100057362961639/"
"11837769223","node","https://osm.org/node/11837769223","54.318837","-4.389","Ramsey Golf Club","","","restaurant","","","","","Brookfield Avenue","","","Ramsey","IM8 2AH","IM","https://www.ramseygolfclub.im","","","","",""
"10829691491","node","https://osm.org/node/10829691491","54.320868","-4.379648","Ramsey Peri Peri","","","restaurant","","","10","","","","Saint Paul's Square","Ramsey","IM8 1LE","IM","https://ramseyperiperi.com","","","","",""
"102856116","way","https://osm.org/way/102856116","54.32224287629066","-4.382997149408228","Ravioli House","","","restaurant","","","44","","Parliament Street","","","Ramsey","IM8 1AN","IM","","","","","",""
"101812309","way","https://osm.org/way/101812309","54.07728739612495","-4.739489105890129","Roots at the Bay","","","cafe","","","","","","","","","","","","","","","",""
"147183304","way","https://osm.org/way/147183304","54.22387889230129","-4.692655480050511","Roots by the Sea","","","cafe","","Roots by the Sea","26","","Shore Road","","","Peel","IM5 1NH","IM","https://www.rootsbythesea.co.uk/","","+447624234221","","",""
"549539702","node","https://osm.org/node/549539702","54.223878","-4.692654","Roots by the Sea","","","cafe","","","26","","Shore Road","","","Peel","","","https://www.rootsbythesea.co.uk/","","+447624234221","","",""
"419950958","way","https://osm.org/way/419950958","54.14946769245048","-4.480599268703319","Roots in the city","","","cafe","","","2","","Prospect Hill","","","Douglas","IM1 2AL","IM","","","","","",""
"455458441","node","https://osm.org/node/455458441","54.148748","-4.481102","Rover's Return","","","pub","","","11","","Church Street","","","Douglas","IM1 2AG","IM","https://www.bushys.com/the-rovers-return/","","","","","https://www.facebook.com/TheRoversReturnPubIoM"
"147191861","way","https://osm.org/way/147191861","54.22269783536322","-4.692394585497812","Royal India","","","restaurant","","","6","","Atholl Place","","","Peel","IM5 1HE","IM","","","","","","https://www.facebook.com/p/Royal-India-Peel-Isle-Of-Man-Im5-1he-100054267200028/"
"102856114","way","https://osm.org/way/102856114","54.322277502534824","-4.384111816467512","Rum Baba's","","","restaurant","","","66","","Parliament Street","","","Ramsey","IM8 1AJ","IM","","https://rumbabas.im/","","+44 1624 264917","Rumbababookings@gmail.com",""
"62226372","way","https://osm.org/way/62226372","54.15427615268525","-4.478951387040311","Sam Webbs","","","pub","","","","","Marina Road","","","Douglas","IM1 2HF","IM","https://pubsandbars.im/venue/sam-webbs/","","","","",""
"936625322","node","https://osm.org/node/936625322","54.148026","-4.478993","Santander Work Café","","","cafe","","Market Hall","1","","Market Hill","","","Douglas","IM1 2BQ","IM","https://www.workcafe.im","","+44 8000 84 28 88","","","https://www.facebook.com/workcafeisleofman"
"531471591","way","https://osm.org/way/531471591","54.147279928377756","-4.485229249813964","Seven Kingdom Distillery","","","pub","","","","","Bank's Circus","","","Douglas","IM1 5AF","IM","https://www.sevenkingdomdistillery.com/","","+44 1624 620232","","",""
"62091776","way","https://osm.org/way/62091776","54.15356705340986","-4.4779807409499135","Shake Lounge","","","cafe","","","","","","","","","","","","","","","",""
"147191828","way","https://osm.org/way/147191828","54.22288532489198","-4.692883622243618","Shamyr Hey","","","cafe","","Powell House","41","","Michael Street","","","Peel","","IM","","","","","",""
"1315121248","way","https://osm.org/way/1315121248","54.158770950631066","-4.482060850202749","Shane's Chippy II","","","fast_food","","","1-2","","Bathurst Street","","","Douglas","IM2 3HH","IM","","","","","",""
"62390312","way","https://osm.org/way/62390312","54.08512866047707","-4.720738905448485","Shore Hotel","","","pub","","","","","Shore Road","Gansey","","Port St Mary","IM9 5LZ","IM","https://www.theshoregansey.com","","+44 1624 832269","","",""
"1126198608","way","https://osm.org/way/1126198608","54.22634462598361","-4.392279298265445","Shore Hotel","","","pub","","Shore Hotel","","","Old Laxey Hill","","","Laxey","","IM","http://www.shorehotel.im","","","","",""
"10598643197","node","https://osm.org/node/10598643197","54.320632","-4.380698","Silver Star Chinese Takeaway","","","restaurant","","","1","","Waterloo Road","","","Ramsey","","IM","","","","","","https://www.facebook.com/profile.php?id=100045807560539"
"283495156","node","https://osm.org/node/283495156","54.106243","-4.638587","Silverdale Café and Restaurant","","","cafe","","The Cregg Mill","","","","","Silverdale","Ballasalla","IM9 3DS","IM","","","","","","https://www.facebook.com/SilverdaleGlen/"
"10048354001","node","https://osm.org/node/10048354001","54.086772","-4.75605","Simple Chargrill and Pizza","","","fast_food","","","","","","","","","","","https://simple.touchtakeaway.net/menu","","+447624330330","","",""
"943669796","node","https://osm.org/node/943669796","54.154945","-4.478668","Sir Norman's","","","bar","","","","","","","","","","","http://www.sirnormans.com/#eat-together","","","","",""
"420051250","way","https://osm.org/way/420051250","54.14860771331728","-4.479070472036776","Smash 'n' Fry","","","restaurant","","","9-11","","Duke Street","","","Douglas","","IM","","","","","",""
"734998863","node","https://osm.org/node/734998863","54.149658","-4.476131","Snack Shack","","","cafe","","","","","","","","","","","","","","","",""
"101520494","way","https://osm.org/way/101520494","54.0848520464678","-4.758543690138656","Southern Asia Chinese","","","fast_food","","","","","","","","","","","","","+44 1624 836516","","",""
"12465463037","node","https://osm.org/node/12465463037","54.321944","-4.379464","Spark a Rainbow","","","cafe","","","","","","","","","","","","","","","",""
"410363364","way","https://osm.org/way/410363364","54.14819922766822","-4.479001971929741","Spill The Beans","","","cafe","","","1","","Market Hill","","","Douglas","","IM","","","","","",""
"102856194","way","https://osm.org/way/102856194","54.322239","-4.3832915","Star Grill","","","fast_food","","","48","","Parliament Square","","","Ramsey","","IM","","https://stargrillpizzaramsey.com/","","+44 1624 818111","",""
"416526314","way","https://osm.org/way/416526314","54.15408207472759","-4.478669218000878","Star Grill & Pizza","","","fast_food","","","6","","Marina Road","","","Douglas","","IM","https://stargrillpizzadouglas.com","","+44 1624 613822","","",""
"419056951","way","https://osm.org/way/419056951","54.14942807590882","-4.478711522801325","Starbucks","","","cafe","","","18a-20","","Victoria Street","","","Douglas","IM1 2LE","IM","","","","","",""
"1125185105","way","https://osm.org/way/1125185105","54.15199529717987","-4.49975437561731","Starbucks","","","cafe","13","","","","Peel Road","","","Douglas","IM1 5ED","IM","","","","","",""
"420023851","way","https://osm.org/way/420023851","54.14962749148619","-4.480909714042547","Street Kitchen","","","restaurant","","Belfast House","5","","Prospect Hill","","","Douglas","IM1 1ES","IM","","","","+44 7624 304904","","https://www.facebook.com/streetkitcheniom"
"136226759","way","https://osm.org/way/136226759","54.26218311392425","-4.463052262080891","Summit Hotel","","","cafe","","","","","","","","","","","","","","","","https://www.facebook.com/snaefellsummit/"
"1111547295","way","https://osm.org/way/1111547295","54.224689500000004","-4.669741999999999","Sunset Lakes","","","cafe","","","","","","","","","","","https://sunsetlakesisleofman.com/sunset-lakes-cafe/","","","","",""
"943822599","node","https://osm.org/node/943822599","54.149312","-4.477585","Tacoma Bar and Kitchen","","","restaurant","","","6","","Victoria Street","","","Douglas","IM1 2LH","IM","https://www.tacoma.co.im/","","+44 1624 649329","","",""
"8215111483","node","https://osm.org/node/8215111483","54.16553","-4.478727","Talk of the Town","","","restaurant","","Noble's Park Pavilion","","","","","Noble's Park","Douglas","IM2 4BD","IM","https://talkofthetown.im/","","+44 1624 670430","","",""
"505512397","node","https://osm.org/node/505512397","54.157823","-4.477011","Taste of India","","","restaurant","","","1","Clarence Terrace","Central Promenade","","","Douglas","","IM","http://www.tasteofindiaiom.com","","","","",""
"102737949","way","https://osm.org/way/102737949","54.321935865423605","-4.382861263367778","Tasty Bite","","","fast_food","","","29","","Parliament Street","","","Ramsey","IM8 1AT","IM","","","","","",""
"10048314336","node","https://osm.org/node/10048314336","54.153858","-4.478798","Tea Evolution","","","cafe","","","","","","","","","","","https://teaevolution-im.stackstaging.com/","","+447624225995","","",""
"685338705","node","https://osm.org/node/685338705","54.155503","-4.484865","Terrace Chippy","","","fast_food","","","26","Prospect Terrace","Woodbourne Road","","","Douglas","IM1 3AL","IM","https://terracechippy.com","","","","","https://www.facebook.com/people/Terrace-Chippy/100077454909329/"
"685338721","node","https://osm.org/node/685338721","54.155558","-4.484893","Terrace Chippy Diner","","","restaurant","","","28","Prospect Terrace","Woodbourne Road","","","Douglas","IM1 3AL","IM","https://terracechippy.com","","","","","https://www.facebook.com/people/Terrace-Chippy/100077454909329/"
"419113951","way","https://osm.org/way/419113951","54.152170340061666","-4.479348788005594","Terry's Tatos","","","fast_food","","","79","","Strand Street","","","Douglas","IM1 2EN","IM","","","","","",""
"10620013853","node","https://osm.org/node/10620013853","54.150732","-4.483908","Thai Thai","","","restaurant","","Capital House","","","Circular Road","","","Douglas","IM1 1AG","IM","https://www.thai-thai.uk","","","","",""
"38300992","way","https://osm.org/way/38300992","54.09922716832077","-4.6340085423221185","The Abbey","","","restaurant","","","","","Abbey Road","","","Ballasalla","IM9 3DB","IM","https://www.theabbey.im/","","+441624822393","","",""
"80249705","way","https://osm.org/way/80249705","54.14826290797223","-4.478349290540523","The Albert","","","pub","","","","","","","","","","","","","","","",""
"473176891","node","https://osm.org/node/473176891","54.150085","-4.478171","The Alpine","","","cafe","","","5","","Regent Street","","","Douglas","","IM","http://www.harbourguides.com/thealpine","","+44 1624 619249","","",""
"4172726236","node","https://osm.org/node/4172726236","54.153522","-4.478683","The Atrium Cafe","","","cafe","","","","","","","","","","","","","","","","https://www.facebook.com/towerhouseiom"
"455297140","node","https://osm.org/node/455297140","54.170591","-4.639548","The Baltic Inn","","","pub","","","","","","","","","","","","","","","",""
"246336691","way","https://osm.org/way/246336691","54.14793306807306","-4.4780170399621975","The Barbary Coast","","","bar","","","","","North Quay","","","Douglas","IM1 4LA","IM","https://barbarycoast.im","","","","","https://www.facebook.com/barbarycoastisleofman/"
"101833417","way","https://osm.org/way/101833417","54.08386468176852","-4.762543272533579","The Bay Hotel","","","pub","","","","","","","","","","","","","","","",""
"1209652398","node","https://osm.org/node/1209652398","54.154236","-4.480767","The Bay Room","","","cafe","","","","","","","","","","","https://www.gov.im/mnh/heritage/restaurants/","","+44 1624 612211","","",""
"101875109","way","https://osm.org/way/101875109","54.07150735804826","-4.737205414491126","The Boathouse","","","restaurant","","","1","","Loch Road","","","","","IM","","","","","",""
"943742958","node","https://osm.org/node/943742958","54.158006","-4.477328","The Boathouse","","","cafe","","","4-6","","Castle Mona Avenue","","","Douglas","","IM","","","","","",""
"6609128010","node","https://osm.org/node/6609128010","54.223064","-4.69747","The Boatyard Restaurant","","","restaurant","","Mariners Wharf","","Mariners Wharf","East Quay","","","Peel","IM5 1AR","IM","https://theboatyardpeel.com/","https://theboatyardpeel.com/","+44 1624 845470","+44 1624 845470","fish@theboatyardpeel.com",""
"419113947","way","https://osm.org/way/419113947","54.152121759540954","-4.47934430258407","The Bohemian Coffee House","","","cafe","","","77","","Strand Street","","","Douglas","IM1 2EN","IM","","","","","",""
"80984768","way","https://osm.org/way/80984768","54.14940622782376","-4.479144661283881","The Bohemian Coffee Shop","","","cafe","","","26","","Victoria Street","","","Douglas","IM1 2LE","IM","","","","","",""
"11948134461","node","https://osm.org/node/11948134461","54.159266","-4.475739","The Brasserie Restaurant","","","restaurant","","The Empress","","","Central Promenade","","","Douglas","IM2 4RA","IM","https://www.theempresshotel.net/dining/restaurants-bars/brasserie","","","","",""
"79141651","way","https://osm.org/way/79141651","54.147799413539616","-4.483384629199369","The Bridge","","","pub","","","8-9","","North Quay","","","Douglas","IM1 4LQ","IM","https://pubsandbars.im/venue/the-bridge/","","","","",""
"184773631","way","https://osm.org/way/184773631","54.23161131981363","-4.40666318658855","The Bridge Inn","","","pub","","","","","","","","","","","","","","","",""
"79143093","way","https://osm.org/way/79143093","54.14788167409887","-4.479327015794302","The British","","","pub","","","","","North Quay","","","Douglas","IM1 4LB","IM","https://pubsandbars.im/venue/the-british-embassy-room/","","","","",""
"419056953","way","https://osm.org/way/419056953","54.149549861772","-4.478775941756337","The Buttery","","","cafe","","","","","","","","","","","","","","","",""
"62118200","way","https://osm.org/way/62118200","54.14860430147901","-4.47850225686347","The Caff","","","cafe","","","","","","","","","","","","","+44 1624 614214","","",""
"549539743","node","https://osm.org/node/549539743","54.208531","-4.635231","The Cat That","","","cafe","","","","","","","","","","","","","","","",""
"79212621","way","https://osm.org/way/79212621","54.178799037794704","-4.4790233678316405","The Cat With No Tail","","","pub","","","","Hailwood Court","Hailwood Avenue","","","Douglas","IM2 7EA","IM","https://pubsandbars.im/venue/cat-with-no-tail/","","","","",""
"102856141","way","https://osm.org/way/102856141","54.32223140897927","-4.386978161916639","The Central","","","pub","","Central Hotel","","","Parliament Square","","","Ramsey","IM8 1AH","IM","","","","","",""
"146907353","way","https://osm.org/way/146907353","54.22328451926202","-4.696258094173474","The Central","","","pub","","","12-14","","Castle Street","","","Peel","IM5 1AN","IM","","","","","",""
"1069288758","node","https://osm.org/node/1069288758","54.161135","-4.481951","The Chip Yard","","","fast_food","","","","","","","","","","","","","","","",""
"146835166","way","https://osm.org/way/146835166","54.22393028138454","-4.694415607117685","The Cod and Castle","","","fast_food","","","13a","","Shore Road","","","Peel","","IM","","","","","","https://www.facebook.com/thecodandcastle"
"158683955","way","https://osm.org/way/158683955","54.15774633405338","-4.643452755309594","The Coffee Cottage","","","cafe","","Watertrough Cottage","","","Shoulder Road","","","Foxdale","","","","","","","","https://www.facebook.com/thecoffeecottagesouthbarrule"
"10946924724","node","https://osm.org/node/10946924724","54.154015","-4.478928","The Coffee Hub","","","cafe","","","5","","Marina Road","","","Douglas","IM1 2HD","IM","","","","","","https://www.facebook.com/profile.php?id=100092525676951"
"102638465","way","https://osm.org/way/102638465","54.321764796672966","-4.380199170991793","The Commercial","","","pub","","","","","Market Place","","","Ramsey","IM8 1JU","IM","","","","","",""
"418111629","way","https://osm.org/way/418111629","54.1503378575157","-4.478321063456688","The Conister Arms","","","pub","","Old Post Office","6","","Regent Street","","","Douglas","IM1 2EA","IM","https://www.jdwetherspoon.com/pubs/the-conister-arms-douglas/","","","","",""
"146910948","way","https://osm.org/way/146910948","54.22233203192094","-4.697226404915973","The Creek Inn","","","pub","","","","","Station Place","","","Peel","IM5 1AT","IM","","","","","","https://www.facebook.com/p/The-Creek-Inn-100063570971405/"
"963768003","way","https://osm.org/way/963768003","54.18506980945669","-4.568154054261354","The Crosby","","","pub","","","","","Crosby Main Road","","","Crosby","IM4 2DQ","IM","https://pubsandbars.im/venue/the-crosby/","","","","",""
"414616163","way","https://osm.org/way/414616163","54.073908775609766","-4.655264042869901","The Cupcakery","","","cafe","","","26","","Arbory Street","","","Castletown","","IM","","","","","","https://www.facebook.com/thecupcakery.im/"
"727476126","node","https://osm.org/node/727476126","54.148907","-4.47863","The Eatery","","","cafe","","","20a","","Duke Street","","","","IM1 2AY","IM","","theeatery.co.uk","","+441624608414","",""
"60048757","way","https://osm.org/way/60048757","54.08521629786938","-4.7588651200177985","The Falcons Nest Hotel","","","pub","","","","","Station Road","","","Port Erin","IM9 6AF","IM","https://www.thenest.im","","+44 1624 834077","","",""
"774072369","node","https://osm.org/node/774072369","54.15306","-4.479265","The Fig & Olive","","","restaurant","","","13-15","","Castle Street","","","","","IM","","https://figandolive.im","","+44 1624 626003","",""
"59523528","way","https://osm.org/way/59523528","54.13662314172986","-4.55822968403507","The Forge","","","restaurant","","","","","","","","Santon","IM4 1JE","IM","https://www.theforge.im","","+44 1624 610031","","",""
"10048694530","node","https://osm.org/node/10048694530","54.136678","-4.55829","The Forge","","","restaurant","","","","","","","","","","","https://www.theforge.im/","","+441624610031","","",""
"420051253","way","https://osm.org/way/420051253","54.148706635097646","-4.479048191610881","The Front Porch","","","bar","","","13-17","","Duke Street","","","Douglas","IM1 2BB","IM","https://www.thefrontporch.co.im","","","","",""
"10048314648","node","https://osm.org/node/10048314648","54.320194","-4.38159","The Fynoderee Distillery","","","bar","","","","","Parsonage Road","","","Ramsey","IM8 2EE","IM","https://fynoderee.com/","","+441624812756","","",""
"100443843","way","https://osm.org/way/100443843","54.07325133559984","-4.652789540639084","The Garrison","","","pub","","","5","","Castle Street","","","","","IM","","","","","",""
"1183748019","way","https://osm.org/way/1183748019","54.22397121214296","-4.393595582268151","The Gelato Shed","","","cafe","","","","","","","","","","","","","","","",""
"410363359","way","https://osm.org/way/410363359","54.147879560849844","-4.4795331132556475","The Grand House","","","restaurant","","","35","","North Quay","","","Douglas","IM1 4LB","IM","https://grandhouse.im","","","","",""
"895078378","way","https://osm.org/way/895078378","54.36569784741648","-4.448644757917817","The Grosvenor","","","pub","","","","","Andreas Main Road","","","Andreas","IM7 4HE","IM","","","","","","https://www.facebook.com/grosvenorandreasnorthisleofman/"
"60007292","way","https://osm.org/way/60007292","54.085129358097","-4.756400189874147","The Haven","","","pub","","","","","Station Road","","","Port Erin","IM9 6AB","IM","https://pubsandbars.im/venue/the-haven/","","","","",""
"78189884","way","https://osm.org/way/78189884","54.197100999999996","-4.610695000000001","The Hawthorn","","","restaurant","","","","","Peel Road","","","Greeba","IM4 3LF","IM","https://thehawthorn.im","","+44 1624 801268","","","https://www.facebook.com/thehawthorn/"
"159753877","way","https://osm.org/way/159753877","54.1509256178859","-4.5171377008436435","The Heron","","","pub","","","","","Cushag Road","","","Douglas","IM2 2BZ","IM","https://pubsandbars.im/venue/the-heron/","","","","",""
"1157520336","way","https://osm.org/way/1157520336","54.32198525930975","-4.3861866805444505","The Hutch","","","cafe","","","6","","Parliament Square","","","Ramsey","IM8 1AH","IM","","","","","","https://www.facebook.com/thehutch.iom/"
"82614390","way","https://osm.org/way/82614390","54.152921449838736","-4.483887127549575","The Islander Chippy","","","fast_food","","","82","","Bucks Road","","","Douglas","IM1 3AG","IM","","","","","",""
"79191032","way","https://osm.org/way/79191032","54.170822000969004","-4.48248383803047","The Manor","","","pub","","","","","School Road","","","Douglas","IM2 6PQ","IM","https://pubsandbars.im/venue/the-manor/","","","","",""
"147191830","way","https://osm.org/way/147191830","54.222885053376345","-4.6931495206660765","The Miller's T'ale","","","pub","","","33","","Michael Street","","","Peel","","IM","","","","","",""
"233925098","way","https://osm.org/way/233925098","54.232794216364","-4.405459907947981","The Mines","","","pub","","","","","Captain's Hill","","","Laxey","IM4 7AY","IM","https://pubsandbars.im/venue/the-mines/","","","","","https://www.facebook.com/theminestavern/"
"112577391","way","https://osm.org/way/112577391","54.28249629415049","-4.5874697845487535","The Mitre","","","pub","","","","","Kirk Michael Main Road","","","Kirk Michael","IM6 1AJ","IM","https://pubsandbars.im/venue/the-mitre/","","","","",""
"10681892881","node","https://osm.org/node/10681892881","54.321541","-4.37803","The Mixing Bowl Diner","","","restaurant","","Energy FM Bowl","","","Queens Promenade","","","Ramsey","IM8 1ET","IM","https://energyfmbowl.co.uk/the-mixing-bowl/","","+441624812444","","",""
"755354025","way","https://osm.org/way/755354025","54.14968979958646","-4.480896422734548","The Noodle Shop","","","restaurant","","","7-9","","Prospect Hill","","","Douglas","","IM","","","","","",""
"246812771","way","https://osm.org/way/246812771","54.175859466454064","-4.455420018341012","The Nutty Chef Cafe","","","cafe","","","2B","","Avondale Road","","Village Walk","Onchan","IM3 4EA","IM","","","","","","https://www.facebook.com/p/The-Nutty-Chef-Cafe-100063527501988"
"366282623","way","https://osm.org/way/366282623","54.35914388847546","-4.5214878572295625","The Old Guard House","","","restaurant","","Guard House","","","","","Jurby Industrial Estate","Jurby","IM7 3BD","IM","","","","","","https://www.facebook.com/profile.php?id=100090753693479"
"685338715","node","https://osm.org/node/685338715","54.155171","-4.484702","The One","","","restaurant","","","14","Prospect Terrace","Woodbourne Road","","","Douglas","IM1 3AL","IM","","","","+44 1624 617888","",""
"102856205","way","https://osm.org/way/102856205","54.3228633016327","-4.387351976577672","The Other Place","","","restaurant","","Forrest View","4","","Bowring Road","","","Ramsey","IM8 2LH","IM","","","","","","https://www.facebook.com/people/The-Other-Place/100063546882541/"
"79143121","way","https://osm.org/way/79143121","54.14873402372826","-4.481427978014214","The Outback","","","pub","","","","","","","","","","","","","","","",""
"894021395","way","https://osm.org/way/894021395","54.149094712928424","-4.50248376222506","The Pavilion at Douglas Golf Club","","","restaurant","","The Pavilion","","","Pulrose Road","","Douglas Golf Club","Douglas","IM2 1AE","IM","","","","","","https://www.facebook.com/people/The-Pavilion-at-Douglas-Golf-Club/100063791102339/"
"146833057","way","https://osm.org/way/146833057","54.22415452269113","-4.6972695000605285","The Peveril","","","pub","","","","","Crown Street","","","Peel","IM5 1AJ","IM","","","","","","https://www.facebook.com/peverilpeel/"
"233925099","way","https://osm.org/way/233925099","54.233325121787615","-4.405916719062857","The Phoenix","","","fast_food","","","","","","","","","","","","","","","",""
"283504569","node","https://osm.org/node/283504569","54.150165","-4.50592","The Pinewood","","","pub","","","","","","","","","","","","","","","",""
"79141600","way","https://osm.org/way/79141600","54.15024555316093","-4.48130939128612","The Prospect Hotel","","","pub","","","23-25","","Prospect Hill","","","Douglas","IM1 1ET","IM","https://pubsandbars.im/venue/the-prospect/","","","","",""
"79372990","way","https://osm.org/way/79372990","54.15567629848355","-4.501692457832853","The Quarterbridge","","","pub","","","","","","","","","","","","","","","",""
"77818835","way","https://osm.org/way/77818835","54.165316999999995","-4.4671","The Queens","","","pub","","","","","Queens Promenade","","","Douglas","IM2 4NL","IM","https://pubsandbars.im/venue/the-queens/","","01624 674438","","",""
"410386594","way","https://osm.org/way/410386594","54.147336030394946","-4.48495915050251","The Railway","","","pub","","","","","Bank's Circus","","","Douglas","IM1 5AB","IM","https://pubsandbars.im/venue/the-railway/","","","","",""
"101418449","way","https://osm.org/way/101418449","54.08041091223227","-4.7425450897048","The Railway Station","","","pub","","","","","Station Road","","","Port Saint Mary","IM9 5LF","IM","","","","","","https://www.facebook.com/people/The-Railway-Station-Hotel-Port-St-Mary/100083056342459/"
"102856196","way","https://osm.org/way/102856196","54.32244259742744","-4.386257682745305","The Ramsey Trawlerman","","","fast_food","","","84-86","","Parliament Street","","","Ramsey","","IM","","","","","",""
"1145708287","way","https://osm.org/way/1145708287","54.309749829083316","-4.5408761080963655","The Raven","","","pub","","","","","Ballaugh Main Road","","","Ballaugh","IM7 5EG","IM","https://pubsandbars.im/venue/the-raven/","","","","",""
"1128012513","way","https://osm.org/way/1128012513","54.15478444448471","-4.485005817559466","The Rosemount","","","pub","","","","","Woodbourne Road","","","Douglas","IM1 3HH","IM","https://pubsandbars.im/venue/the-rosemount/","","","","",""
"147183511","way","https://osm.org/way/147183511","54.222566033390095","-4.692379024910195","The Royal","","","pub","","","25","","Atholl Street","","","Peel","IM5 1HQ","IM","","","","","","https://www.facebook.com/kilgallonroyale/"
"414637476","way","https://osm.org/way/414637476","54.07371460948402","-4.653936254371111","The Rush-Inn","","","restaurant","","","","","","","","","","","","","","+44 1624 327071","",""
"79143098","way","https://osm.org/way/79143098","54.14780718567213","-4.481250922332241","The Saddle Inn","","","pub","","","","","Queen Street","","","Douglas","IM1 1LH","IM","https://pubsandbars.im/venue/the-saddle/","","","","",""
"813439034","way","https://osm.org/way/813439034","54.223872284137656","-4.393631605442317","The Shed","","","cafe","","The Shed","","","The Promenade","","","Laxey","IM4 7DD","IM","https://www.theshed.im","","+44 1624 863151","","",""
"60582648","way","https://osm.org/way/60582648","54.0781979769005","-4.649169758642387","The Sidings","","","pub","","The Sidings","","","Station Road","","","Castletown","IM9 1EF","IM","http://www.thesidings.im/","","","","",""
"5677599322","node","https://osm.org/node/5677599322","54.320607","-4.378715","The Square","","","restaurant","","","22-25","","","","Saint Paul's Square","Ramsey","IM8 1LH","IM","","","","","",""
"60048738","way","https://osm.org/way/60048738","54.08547043948492","-4.75711128333273","The Station Hotel","","","pub","","","","","Station Road","","","Port Erin","IM9 6AE","IM","https://pubsandbars.im/venue/the-station/","","","","",""
"102856169","way","https://osm.org/way/102856169","54.32198068786047","-4.386840366122725","The Swan","","","pub","","","","","Parliament Square","","","Ramsey","IM8 1AH","IM","https://pubsandbars.im/venue/the-swan/","","","","",""
"416526316","way","https://osm.org/way/416526316","54.15301386548285","-4.478883480690427","The Tea Junction","","","cafe","","","14","","Castle Street","","","","","IM","","","","","",""
"157913784","way","https://osm.org/way/157913784","54.167383157609414","-4.460290603980198","The Terminus Tavern","","","pub","","","","","Strathallan Crescent","","","Douglas","IM2 4NR","IM","https://pubsandbars.im/venue/terminus-tavern/","","","","",""
"419950956","way","https://osm.org/way/419950956","54.149382257534086","-4.4804405345804454","The Thirsty Pigeon","","","pub","","","38-40","","Victoria Street","","","Douglas","IM1 2LW;IM2 1LB","IM","","","+44 1624 675584","+44 1624 675584","","https://www.facebook.com/thethirstypigeon/"
"100054341","way","https://osm.org/way/100054341","54.07348929925674","-4.654255573700942","The Union","","","pub","","","","","Arbory Street","","","Castletown","IM9 1LH","IM","https://pubsandbars.im/venue/the-union/","","","","",""
"419775951","way","https://osm.org/way/419775951","54.149124484748924","-4.477656436446148","The Victoria Tavern","","","pub","","","17","","Victoria Street","","","Douglas","","","","","+44 1624 620586","","",""
"60582687","way","https://osm.org/way/60582687","54.07830010893018","-4.648681353822272","The Viking","","","pub","","The Viking","","","Station Road","","","Castletown","IM9 1EF","IM","","","","","",""
"4154384287","node","https://osm.org/node/4154384287","54.085203","-4.757201","The Whistlestop Coffee Shop","","","cafe","","","","","","","","","","","","","","","",""
"67761910","way","https://osm.org/way/67761910","54.09743016665992","-4.630471282225359","The Whitestone","","","pub","","","","","Station Road","","","Ballasalla","IM9 2DD","IM","https://pubsandbars.im/venue/the-whitestone/","","","","",""
"1154815809","way","https://osm.org/way/1154815809","54.15688608945611","-4.487903842402942","The Woodbourne","","","pub","","","20","","Alexander Drive","","","Douglas","IM2 3QF","IM","https://pubsandbars.im/venue/the-woodbourne/","","","","","https://www.facebook.com/TheWoodbourne/"
"4441167258","node","https://osm.org/node/4441167258","54.172893","-4.505451","Thie Bee","","","cafe","","","","","","","","","","","","","","","",""
"146972127","way","https://osm.org/way/146972127","54.222553012539834","-4.695056018186075","Tia's Tearooms","","","cafe","","","","","","","","","","","","","","","",""
"62118206","way","https://osm.org/way/62118206","54.14883145611108","-4.475410132799972","Tigh Fitz Irish Bar","","","bar","","Peveril Building","6-7","","Loch Promenade","","","","IM1 2BT","IM","","","","","",""
"416526328","way","https://osm.org/way/416526328","54.15379933151513","-4.478771489638172","Time Out","","","restaurant","","","","","","","","","","","https://timeoutnoodlebar-com.stackstaging.com/","","+447624225995","","",""
"414616168","way","https://osm.org/way/414616168","54.07370943544522","-4.654261214043488","Time Out Noodle Bar","","","restaurant","","","6","","Arbory Street","","","Castletown","","IM","","","","","",""
"11182101772","node","https://osm.org/node/11182101772","54.158253","-4.479098","Titan","","","restaurant","","","42","","Broadway","","","Douglas","IM2 4EW","IM","https://titanbroadway.com","","","","","https://www.facebook.com/titanbroadway/"
"102783332","way","https://osm.org/way/102783332","54.3219559657349","-4.381877326002106","Trafalgar Hotel","","","pub","","","","","West Quay","","","Ramsey","IM8 1DW","IM","","","","","","https://www.facebook.com/people/The-Trafalgar-Hotel/100033974813786/"
"1304426341","way","https://osm.org/way/1304426341","54.157968184293665","-4.481306711598017","Tuk Tuk","","","restaurant","","","19","","Falcon Street","","","Douglas","","","","","","","","https://www.facebook.com/tuktukthaiiom/"
"12093529788","node","https://osm.org/node/12093529788","54.074489","-4.654579","Tuscany Restaurant","","","restaurant","","","31","","Malew Street","","","Castletown","","","","","","","","https://www.facebook.com/p/Tuscany-Restaurant-Castletown-100077888823352/"
"146980706","way","https://osm.org/way/146980706","54.22284141148044","-4.693686259282291","Tyred and Cranky","","","cafe","","","23","","Michael Street","","","Peel","","IM","","","","","",""
"102856113","way","https://osm.org/way/102856113","54.32348478106725","-4.387538102062507","Vellika's Indian Restaurant","","","restaurant","","Vellika's Indian Restaurant","6","","Bowring Road","","","Ramsey","IM8 2LQ","IM","https://vellikas.com","","+44 1624 818241","","",""
"1125185106","way","https://osm.org/way/1125185106","54.15158582137457","-4.499932892116031","Vellika's Kitchen","","","restaurant","3","","","","Peel Road","","Peel Road Retail Park","Douglas","IM1 5ED","IM","","https://vellikaskitchen.com/douglas/","","+44 1624 890685","info@vellikas.com",""
"11208072344","node","https://osm.org/node/11208072344","54.169701","-4.456178","Velo Cafe","","","cafe","","","","","Onchan Pleasure Park","","","Onchan","IM3 1HU","IM","https://velo.im","","","","","https://www.facebook.com/VeloCafeIOM/"
"11237032301","node","https://osm.org/node/11237032301","54.085388","-4.757828","Versa","","","restaurant","","","15a","","Station Road","","","Port Erin","IM9 6AN","IM","","","","+44 7624 205104","foragewithversa@gmail.com",""
"410363361","way","https://osm.org/way/410363361","54.14800807039833","-4.480675459289146","Vibe","","","cafe","","","9","","Ridgeway Street","","","Douglas","IM1 1EW","IM","","https://www.vibeplantbasedcafe.com/","","+44 1624 612355","hello@vibecafe.im",""
"414637473","way","https://osm.org/way/414637473","54.07391079391491","-4.654048977446994","Victoria Grill","","","fast_food","","","13","","Malew Street","","","Castletown","","","","","","+44 1624 823283","",""
"10049608805","node","https://osm.org/node/10049608805","54.149347","-4.477732","Victoria Grill","","","fast_food","","","","","","","","","","","https://victoriagrillperiperichickendouglas.com/","","+441624629560","","",""
"136226755","way","https://osm.org/way/136226755","54.2529929141671","-4.462326023327295","Victory Cafe","","","cafe","","Victory Cafe","","","","","31st milestone, TT race course","Snaefell","IM4 5AF","IM","https://victory-cafe.com","","+44 1624 675981","","","https://www.facebook.com/VictoryCafeIsleofMan/"
"942523832","node","https://osm.org/node/942523832","54.155391","-4.478662","Villa Fusion","","","restaurant","","","","","","","","","","","https://villafusion.im","","+44 (0)1624 670578","","",""
"774073923","node","https://osm.org/node/774073923","54.150816","-4.479028","Waterstone Coffee","","","cafe","","","","","","","","","","","","","","","",""
"147604400","way","https://osm.org/way/147604400","54.221339842398926","-4.693067422097568","White House","","","pub","","","2","","Tynwald Road","","","Peel","","IM","","","","","","https://www.facebook.com/p/The-Whitehouse-100046139238334/"
"102856117","way","https://osm.org/way/102856117","54.322016996048674","-4.384161263669239","White Tiger Cafe","","","cafe","","","67","","Parliament Street","","","Ramsey","IM8 1DL","IM","","","","","","https://www.facebook.com/p/White-Tiger-Cafe-More-100078333697489/"
"975084136","way","https://osm.org/way/975084136","54.14902973520158","-4.478467916608253","Wine Down","","","restaurant","","","","","","","","","","","","","","","",""
"10049617007","node","https://osm.org/node/10049617007","54.151884","-4.478325","Yankees","","","restaurant","","","","","","","","","","","","","+441624 674824","","","https://www.facebook.com/YankeesIOM/"
"418111627","way","https://osm.org/way/418111627","54.15008177591442","-4.478487977075937","Zosa","","","cafe","","","64","","Duke Street","","","Douglas","","IM","","","","","",""
"38962201","way","https://osm.org/way/38962201","54.17733854179073","-4.417099471683151","","","","cafe","","","","","","","","","","","","","","","",""
"759236880","way","https://osm.org/way/759236880","54.07321947557025","-4.65408674947232","","","","restaurant","","","","","","","","","","","","","","","",""
"1194125958","node","https://osm.org/node/1194125958","54.087089","-4.633882","","","","cafe","","","","","","","","","","","","","","","",""
"1214914743","way","https://osm.org/way/1214914743","54.17934459429657","-4.478796375515845","","","","fast_food","","","7-8","","Hailwood Court","","","Onchan","","IM","","","","","",""
"1304426288","way","https://osm.org/way/1304426288","54.15870079148915","-4.4824314760594515","","","","fast_food","","","6","","Bathurst Street","","","Douglas","IM2 3HH","IM","","","","","",""
"2185578331","node","https://osm.org/node/2185578331","54.326076","-4.384251","","","","cafe","","","","","","","","","","","","","","","",""
"4144258842","node","https://osm.org/node/4144258842","54.147853","-4.485303","","","","cafe","","","","","","","","","","","","","","","",""
"8980761353","node","https://osm.org/node/8980761353","54.141658","-4.539032","","","","cafe","","","","","","","","","","","","","","","",""
"10769443232","node","https://osm.org/node/10769443232","54.319795","-4.404083","","","","cafe","","","","","","","","","","","","","","","",""
