"osm_id","osm_type","osm_url","lat","lon","postal_code","source:postal_code"
"283500412","node","https://osm.org/node/283500412","54.226795","-4.392324","IM4 7AB",""
"283502151","node","https://osm.org/node/283502151","54.154188","-4.479779","IM1 2PL",""
"283505662","node","https://osm.org/node/283505662","54.282114","-4.592881","IM6 1AL",""
"283514634","node","https://osm.org/node/283514634","54.118007","-4.655781","IM9 3BD","Isle of Man Government Land Registry Land Transactions"
"453426276","node","https://osm.org/node/453426276","54.160713","-4.479984","IM2 4HP",""
"455952594","node","https://osm.org/node/455952594","54.150296","-4.47766","IM1 2LX",""
"455952597","node","https://osm.org/node/455952597","54.148902","-4.475448","IM1 2BT",""
"455952598","node","https://osm.org/node/455952598","54.148874","-4.475331","IM1 2BT",""
"456469140","node","https://osm.org/node/456469140","54.164837","-4.473477","IM2 4AJ",""
"458533095","node","https://osm.org/node/458533095","54.186962","-4.47776","IM4 5BJ",""
"473176891","node","https://osm.org/node/473176891","54.150085","-4.478171","IM1 2EB",""
"475392773","node","https://osm.org/node/475392773","54.215484","-4.418495","IM4 6EN","Isle of Man Government Planning Applications"
"475392774","node","https://osm.org/node/475392774","54.180854","-4.646407","IM4 3BE","Isle of Man Government Land Registry Land Transactions"
"475392779","node","https://osm.org/node/475392779","54.118832","-4.709177","IM9 4HN","Isle of Man Government Land Registry Land Transactions"
"475392809","node","https://osm.org/node/475392809","54.137721","-4.569864","IM4 2HP","Isle of Man Government Planning Applications"
"475392810","node","https://osm.org/node/475392810","54.217411","-4.42123","IM4 6EN","Isle of Man Government Planning Applications"
"475392839","node","https://osm.org/node/475392839","54.193706","-4.440121","IM4 6AU","Isle of Man Government Planning Applications"
"475392852","node","https://osm.org/node/475392852","54.194756","-4.518381","IM4 5EP","Isle of Man Government Planning Applications"
"475392864","node","https://osm.org/node/475392864","54.265054","-4.370508","IM7 1HJ","Isle of Man Government Land Registry Land Transactions"
"475392873","node","https://osm.org/node/475392873","54.331778","-4.472337","IM7 2ES",""
"475392887","node","https://osm.org/node/475392887","54.337097","-4.536658","IM7 5BG",""
"475392892","node","https://osm.org/node/475392892","54.206099","-4.437254","IM4 6AS","Isle of Man Government Planning Applications"
"475392911","node","https://osm.org/node/475392911","54.127773","-4.569869","IM4 1HS","Isle of Man Government Land Registry Land Transactions"
"475392986","node","https://osm.org/node/475392986","54.212865","-4.521716","IM4 5EU","Isle of Man Government Planning Applications"
"475393022","node","https://osm.org/node/475393022","54.150559","-4.577423","IM4 2HW",""
"475393035","node","https://osm.org/node/475393035","54.202067","-4.679317","IM5 3AW","Planning Committee minutes"
"475393099","node","https://osm.org/node/475393099","54.266368","-4.577194","IM6 1AW",""
"475393133","node","https://osm.org/node/475393133","54.200371","-4.427773","IM4 6AP","Isle of Man Government Land Registry Land Transactions"
"475393179","node","https://osm.org/node/475393179","54.191414","-4.478936","IM4 5BL","Isle of Man Government Planning Applications"
"475393185","node","https://osm.org/node/475393185","54.115636","-4.698999","IM9 4HJ","Isle of Man Government Land Registry Land Transactions"
"475393196","node","https://osm.org/node/475393196","54.293928","-4.565251","IM6 2HA","Isle of Man Government Planning Applications"
"475393256","node","https://osm.org/node/475393256","54.133315","-4.63135","IM9 3AT","Isle of Man Government Land Registry Land Transactions"
"475393389","node","https://osm.org/node/475393389","54.307444","-4.53512","IM7 5EE",""
"475393400","node","https://osm.org/node/475393400","54.176485","-4.593558","IM4 2HH","Isle of Man Government Land Registry Land Transactions"
"475393405","node","https://osm.org/node/475393405","54.20924","-4.703765","IM5 3AQ",""
"475393414","node","https://osm.org/node/475393414","54.238333","-4.605894","IM4 3NS","Isle of Man Government Land Registry Land Transactions"
"475393436","node","https://osm.org/node/475393436","54.357687","-4.395733","IM7 4AN","Isle of Man Government Planning Applications"
"475393481","node","https://osm.org/node/475393481","54.176806","-4.653284","IM4 3BG","Isle of Man Government Land Registry Land Transactions"
"475393488","node","https://osm.org/node/475393488","54.190311","-4.513768","IM4 5EP","Isle of Man Government Planning Applications"
"475393502","node","https://osm.org/node/475393502","54.325383","-4.478926","IM7 2HG","Isle of Man Government Planning Applications"
"475393512","node","https://osm.org/node/475393512","54.199817","-4.493414","IM4 5EF","Isle of Man Government Planning Applications"
"475393516","node","https://osm.org/node/475393516","54.213839","-4.421325","IM4 6EL","Isle of Man Government Land Registry Land Transactions"
"475393657","node","https://osm.org/node/475393657","54.104347","-4.60751","IM9 3AD","Isle of Man Government Planning Applications"
"475393674","node","https://osm.org/node/475393674","54.216504","-4.424645","IM4 6EJ","Isle of Man Government Planning Applications"
"475393705","node","https://osm.org/node/475393705","54.288655","-4.587157","IM6 1EE","Isle of Man Government Land Registry Land Transactions"
"475393738","node","https://osm.org/node/475393738","54.138143","-4.609348","IM9 3AW",""
"475393744","node","https://osm.org/node/475393744","54.186377","-4.481103","IM4 5BS","Isle of Man Government Land Registry Land Transactions"
"475393792","node","https://osm.org/node/475393792","54.316783","-4.405642","IM7 2AD","Isle of Man Government Planning Applications"
"475393870","node","https://osm.org/node/475393870","54.172099","-4.628717","IM4 3HB",""
"475393880","node","https://osm.org/node/475393880","54.18739","-4.546799","IM4 4HH","Isle of Man Government Land Registry Land Transactions"
"475393904","node","https://osm.org/node/475393904","54.312835","-4.526448","IM7 5DP","Isle of Man Government Land Registry Land Transactions"
"475393974","node","https://osm.org/node/475393974","54.175281","-4.569976","IM4 2AU","Isle of Man Government Planning Applications"
"475393982","node","https://osm.org/node/475393982","54.296937","-4.573277","IM6 2HA","Isle of Man Government Land Registry Land Transactions"
"475393994","node","https://osm.org/node/475393994","54.189152","-4.542027","IM4 4HL","Isle of Man Government Planning Applications"
"475394003","node","https://osm.org/node/475394003","54.164974","-4.602519","IM4 2HG","Isle of Man Government Land Registry Land Transactions"
"475394119","node","https://osm.org/node/475394119","54.351348","-4.393405","IM7 4AH","Isle of Man Government Planning Applications"
"475394165","node","https://osm.org/node/475394165","54.120814","-4.564165","IM4 1ED","Isle of Man Government Planning Applications"
"475394170","node","https://osm.org/node/475394170","54.17804","-4.651886","IM4 3BG","Isle of Man Government Land Registry Land Transactions"
"475394204","node","https://osm.org/node/475394204","54.157233","-4.587821","IM4 2HD","Isle of Man Government Land Registry Land Transactions"
"475394215","node","https://osm.org/node/475394215","54.170628","-4.610847","IM4 3HX","Isle of Man Government Planning Applications"
"475394249","node","https://osm.org/node/475394249","54.167875","-4.729559","IM5 3BT","Isle of Man Government Planning Applications"
"475394253","node","https://osm.org/node/475394253","54.234456","-4.441528","IM4 7AP","Isle of Man Government Land Registry Land Transactions"
"475394268","node","https://osm.org/node/475394268","54.128314","-4.562811","IM4 1HT","Isle of Man Government Planning Applications"
"475394272","node","https://osm.org/node/475394272","54.378622","-4.484093","IM7 3EJ","Isle of Man Government Planning Applications"
"475394286","node","https://osm.org/node/475394286","54.178046","-4.504252","IM4 5EJ","Planning Committee minutes"
"475394291","node","https://osm.org/node/475394291","54.117328","-4.682822","IM9 4HG","Isle of Man Government Planning Applications"
"475394336","node","https://osm.org/node/475394336","54.19077","-4.48858","IM4 5BU","Isle of Man Government Land Registry Land Transactions"
"475394346","node","https://osm.org/node/475394346","54.212624","-4.653889","IM5 2AP","Isle of Man Government Land Registry Land Transactions"
"475394377","node","https://osm.org/node/475394377","54.154542","-4.545605","IM4 2AQ","Isle of Man Government Land Registry Land Transactions"
"475394379","node","https://osm.org/node/475394379","54.201317","-4.490926","IM4 5EG","Isle of Man Government Planning Applications"
"475394390","node","https://osm.org/node/475394390","54.162475","-4.568572","IM4 2AP","Isle of Man Government Land Registry Land Transactions"
"475394462","node","https://osm.org/node/475394462","54.119898","-4.578717","IM4 1EH","Isle of Man Government Planning Applications"
"475394496","node","https://osm.org/node/475394496","54.295081","-4.575602","IM6 2HA","Isle of Man Government Land Registry Land Transactions"
"475394505","node","https://osm.org/node/475394505","54.303102","-4.561924","IM7 5EX","Isle of Man Government Land Registry Land Transactions"
"475394530","node","https://osm.org/node/475394530","54.360954","-4.413736","IM7 4EL",""
"475394558","node","https://osm.org/node/475394558","54.193737","-4.6292","IM4 3LW","Isle of Man Government Land Registry Land Transactions"
"475394586","node","https://osm.org/node/475394586","54.130953","-4.643338","IM9 3EP","Isle of Man Government Planning Applications"
"475394605","node","https://osm.org/node/475394605","54.192615","-4.440685","IM4 6AU","Isle of Man Government Planning Applications"
"475394611","node","https://osm.org/node/475394611","54.102469","-4.582655","IM4 1HA","Isle of Man Government Land Registry Land Transactions"
"475394614","node","https://osm.org/node/475394614","54.297473","-4.346959","IM7 1BF","Planning Committee minutes"
"475394622","node","https://osm.org/node/475394622","54.300012","-4.571044","IM6 2EZ","Isle of Man Government Land Registry Land Transactions"
"475394664","node","https://osm.org/node/475394664","54.189898","-4.63004","IM4 3JE","Isle of Man Government Land Registry Land Transactions"
"475394666","node","https://osm.org/node/475394666","54.312374","-4.488964","IM7 2BB","Isle of Man Government Planning Applications"
"475394678","node","https://osm.org/node/475394678","54.317821","-4.486729","IM7 2BA","Planning Committee minutes"
"475394700","node","https://osm.org/node/475394700","54.178416","-4.643333","IM4 3EA","Isle of Man Government Land Registry Land Transactions"
"475394705","node","https://osm.org/node/475394705","54.12821","-4.54133","IM4 1BB","Isle of Man Government Land Registry Land Transactions"
"475394725","node","https://osm.org/node/475394725","54.128767","-4.521823","IM4 1BJ","Isle of Man Government Planning Applications"
"475394734","node","https://osm.org/node/475394734","54.172894","-4.728026","IM5 3BP","Isle of Man Government Planning Applications"
"475394744","node","https://osm.org/node/475394744","54.106954","-4.651506","IM9 3DP",""
"475394745","node","https://osm.org/node/475394745","54.200771","-4.531412","IM4 5HA","Isle of Man Government Land Registry Land Transactions"
"475394759","node","https://osm.org/node/475394759","54.19448","-4.616161","IM4 3LQ","Isle of Man Government Land Registry Land Transactions"
"475394769","node","https://osm.org/node/475394769","54.222722","-4.436933","IM4 7QB","Isle of Man Government Land Registry Land Transactions"
"475394939","node","https://osm.org/node/475394939","54.305122","-4.417992","IM7 2AG","Isle of Man Government Planning Applications"
"475394980","node","https://osm.org/node/475394980","54.133338","-4.627551","IM9 3AT","Isle of Man Government Planning Applications"
"475395003","node","https://osm.org/node/475395003","54.232563","-4.522718","IM4 5EX","Isle of Man Government Land Registry Land Transactions"
"475395010","node","https://osm.org/node/475395010","54.340136","-4.445541","IM7 3HJ","Isle of Man Government Land Registry Land Transactions"
"475395022","node","https://osm.org/node/475395022","54.186012","-4.535045","IM4 4HN","Isle of Man Government Planning Applications"
"475395095","node","https://osm.org/node/475395095","54.189157","-4.501459","IM4 5ED","Isle of Man Government Planning Applications"
"475395126","node","https://osm.org/node/475395126","54.37667","-4.457449","IM7 3EG",""
"475395171","node","https://osm.org/node/475395171","54.294144","-4.582477","IM6 2HJ","Isle of Man Government Land Registry Land Transactions"
"475395181","node","https://osm.org/node/475395181","54.234718","-4.614828","IM4 3NS","Isle of Man Government Land Registry Land Transactions"
"476150196","node","https://osm.org/node/476150196","54.166749","-4.611178","IM4 3HW",""
"476150218","node","https://osm.org/node/476150218","54.161805","-4.474519","IM2 4LE",""
"476150222","node","https://osm.org/node/476150222","54.161275","-4.475035","IM2 4LF",""
"476150244","node","https://osm.org/node/476150244","54.163278","-4.470225","IM2 4NP",""
"476184704","node","https://osm.org/node/476184704","54.366888","-4.438508","IM7 4EP",""
"477372456","node","https://osm.org/node/477372456","54.350427","-4.510566","IM7 3AJ",""
"478680057","node","https://osm.org/node/478680057","54.161386","-4.474906","IM2 4LE",""
"478680058","node","https://osm.org/node/478680058","54.161215","-4.4744","IM2 4LE",""
"478680059","node","https://osm.org/node/478680059","54.161374","-4.474905","IM2 4LE",""
"480447824","node","https://osm.org/node/480447824","54.089893","-4.628667","IM9 2AJ",""
"480448003","node","https://osm.org/node/480448003","54.181641","-4.453893","IM4 5BD",""
"480468839","node","https://osm.org/node/480468839","54.152717","-4.47957","IM1 2ER",""
"492450565","node","https://osm.org/node/492450565","54.192537","-4.567975","IM4 2DL",""
"492916887","node","https://osm.org/node/492916887","54.118489","-4.637253","IM9 3ES",""
"492916892","node","https://osm.org/node/492916892","54.143371","-4.614197","IM9 3AJ",""
"492935957","node","https://osm.org/node/492935957","54.181142","-4.569091","IM4 2HA",""
"496611432","node","https://osm.org/node/496611432","54.22404","-4.691552","IM5 1PA",""
"496611437","node","https://osm.org/node/496611437","54.364644","-4.38883","IM7 4AP",""
"496611444","node","https://osm.org/node/496611444","54.384578","-4.477712","IM7 3EH",""
"498484883","node","https://osm.org/node/498484883","54.154522","-4.478818","IM1 2HH",""
"499647981","node","https://osm.org/node/499647981","54.234861","-4.588037","IM6 1BB",""
"501841531","node","https://osm.org/node/501841531","54.157563","-4.481602","IM2 3ET",""
"501841536","node","https://osm.org/node/501841536","54.152965","-4.482761","IM1 2QN",""
"501847482","node","https://osm.org/node/501847482","54.1539","-4.479244","IM1 2PH",""
"502292309","node","https://osm.org/node/502292309","54.160812","-4.475513","IM2 4LQ",""
"502292316","node","https://osm.org/node/502292316","54.221071","-4.40022","IM4 7HN",""
"502471213","node","https://osm.org/node/502471213","54.085372","-4.755856","IM9 6AW",""
"504471756","node","https://osm.org/node/504471756","54.149718","-4.480963","IM1 1LD",""
"504471758","node","https://osm.org/node/504471758","54.150837","-4.480415","IM1 2PU",""
"505512397","node","https://osm.org/node/505512397","54.157823","-4.477011","IM2 4LS",""
"505512407","node","https://osm.org/node/505512407","54.07746","-4.739544","IM9 5AE",""
"505528511","node","https://osm.org/node/505528511","54.320327","-4.444268","IM7 2AT",""
"727751319","node","https://osm.org/node/727751319","54.154113","-4.478445","IM1 2NA",""
"823882234","node","https://osm.org/node/823882234","54.152485","-4.479437","IM1 2ER",""
"846243994","node","https://osm.org/node/846243994","54.161302","-4.475081","IM2 4LF",""
"943788964","node","https://osm.org/node/943788964","54.158347","-4.479227","IM2 4EW",""
"950922382","node","https://osm.org/node/950922382","54.313957","-4.565678","IM7 5AY","Isle of Man Government Land Registry Land Transactions"
"1286674624","node","https://osm.org/node/1286674624","54.218817","-4.630824","IM4 3NN",""
"8294853029","node","https://osm.org/node/8294853029","54.137892","-4.579386","IM4 2HX",""
"8567404035","node","https://osm.org/node/8567404035","54.17797","-4.637709","IM4 3JB","Isle of Man Government Land Registry Land Transactions"
"10618502535","node","https://osm.org/node/10618502535","54.14939","-4.48162","IM1 1LD",""
"10740142685","node","https://osm.org/node/10740142685","54.155501","-4.573158","IM4 2AW","Isle of Man Government Planning Applications"
"10740179615","node","https://osm.org/node/10740179615","54.217464","-4.52089","IM4 5EU","Isle of Man Government Land Registry Land Transactions"
"10861109168","node","https://osm.org/node/10861109168","54.260002","-4.578752","IM6 1HQ",""
"25985921","way","https://osm.org/way/25985921","","","IM8 3EF","Isle of Man Government Land Registry Land Transactions"
"25985962","way","https://osm.org/way/25985962","","","IM6 2",""
"25985964","way","https://osm.org/way/25985964","","","IM2 3QS","Isle of Man Government Land Registry Land Transactions"
"25986007","way","https://osm.org/way/25986007","","","IM5 1PG","Isle of Man Government Land Registry Land Transactions"
"25986009","way","https://osm.org/way/25986009","","","IM5 1PN","Isle of Man Government Land Registry Land Transactions"
"25986021","way","https://osm.org/way/25986021","","","IM8 1LU","Isle of Man Government Land Registry Land Transactions"
"25986047","way","https://osm.org/way/25986047","","","IM9 3EA","Isle of Man Government Land Registry Land Transactions"
"25986052","way","https://osm.org/way/25986052","","","IM2 7EE;IM2 7EH","Isle of Man Government Land Registry Land Transactions"
"25986055","way","https://osm.org/way/25986055","","","IM4 2DB","Isle of Man Government Land Registry Land Transactions"
"25986057","way","https://osm.org/way/25986057","","","IM3 2JT;IM3 2JU","Isle of Man Government Land Registry Land Transactions"
"25986058","way","https://osm.org/way/25986058","","","IM2 5BE","Isle of Man Government Land Registry Land Transactions"
"25986061","way","https://osm.org/way/25986061","","","IM1 4NU","Isle of Man Government Planning Applications"
"25986065","way","https://osm.org/way/25986065","","","IM1 4BT;IM1 4BU","Isle of Man Government Land Registry Land Transactions"
"25986067","way","https://osm.org/way/25986067","","","IM3 4BR","Isle of Man Government Land Registry Land Transactions"
"25986103","way","https://osm.org/way/25986103","","","IM1 1AT","Isle of Man Government Land Registry Land Transactions"
"25986117","way","https://osm.org/way/25986117","","","IM2 4AX","Isle of Man Government Land Registry Land Transactions"
"25986154","way","https://osm.org/way/25986154","","","IM3 2DH","Isle of Man Government Land Registry Land Transactions"
"25986158","way","https://osm.org/way/25986158","","","IM2 5NT","Isle of Man Government Land Registry Land Transactions"
"25986160","way","https://osm.org/way/25986160","","","IM2 1NR;IM2 1NW","Isle of Man Government Land Registry Land Transactions"
"25986172","way","https://osm.org/way/25986172","","","IM4 3BA","Isle of Man Government Land Registry Land Transactions"
"25986173","way","https://osm.org/way/25986173","","","IM9 6JR","Isle of Man Government Land Registry Land Transactions"
"25986195","way","https://osm.org/way/25986195","","","IM2 2NQ","Isle of Man Government Land Registry Land Transactions"
"25986239","way","https://osm.org/way/25986239","","","IM1 4EA;IM1 4EB","Isle of Man Government Land Registry Land Transactions"
"25986240","way","https://osm.org/way/25986240","","","IM1 3JZ;IM1 3LA","Isle of Man Government Land Registry Land Transactions"
"25986244","way","https://osm.org/way/25986244","","","IM9 6FE","Isle of Man Government Land Registry Land Transactions"
"25986248","way","https://osm.org/way/25986248","","","IM2 4BG","Isle of Man Government Land Registry Land Transactions"
"25986254","way","https://osm.org/way/25986254","","","IM7 1AZ",""
"25986255","way","https://osm.org/way/25986255","","","IM9 4NZ","Isle of Man Government Land Registry Land Transactions"
"25986258","way","https://osm.org/way/25986258","","","IM2 5AL","Isle of Man Government Land Registry Land Transactions"
"25986274","way","https://osm.org/way/25986274","","","IM9 4NR","Isle of Man Government Land Registry Land Transactions"
"25986278","way","https://osm.org/way/25986278","","","IM3 1BT","Isle of Man Government Land Registry Land Transactions"
"25986288","way","https://osm.org/way/25986288","","","IM2 3GA","Isle of Man Government Land Registry Land Transactions"
"25986298","way","https://osm.org/way/25986298","","","IM8 1LT","Isle of Man Government Land Registry Land Transactions"
"25986300","way","https://osm.org/way/25986300","","","IM8 2HE","Isle of Man Government Land Registry Land Transactions"
"25986302","way","https://osm.org/way/25986302","","","IM2 5PE","Isle of Man Government Land Registry Land Transactions"
"25986329","way","https://osm.org/way/25986329","","","IM2 7DL","Isle of Man Government Land Registry Land Transactions"
"25986330","way","https://osm.org/way/25986330","","","IM2 1JE","Isle of Man Government Land Registry Land Transactions"
"25986332","way","https://osm.org/way/25986332","","","IM2 7AE;IM2 7AF","Isle of Man Government Land Registry Land Transactions"
"25986343","way","https://osm.org/way/25986343","","","IM5 1UD","Isle of Man Government Land Registry Land Transactions"
"25986347","way","https://osm.org/way/25986347","","","IM4 3EZ","Isle of Man Government Land Registry Land Transactions"
"25986362","way","https://osm.org/way/25986362","","","IM4 4FN","Isle of Man Government Land Registry Land Transactions"
"25986366","way","https://osm.org/way/25986366","","","IM8 1JH","Isle of Man Government Land Registry Land Transactions"
"25986374","way","https://osm.org/way/25986374","","","IM2 2QQ","Isle of Man Government Land Registry Land Transactions"
"25986376","way","https://osm.org/way/25986376","","","IM2 4EU;IM2 4EX","Isle of Man Government Land Registry Land Transactions"
"25986377","way","https://osm.org/way/25986377","","","IM3 3BU","Isle of Man Government Land Registry Land Transactions"
"25986386","way","https://osm.org/way/25986386","","","IM2 1NP","Isle of Man Government Land Registry Land Transactions"
"25986389","way","https://osm.org/way/25986389","","","IM6 1EB","Isle of Man Government Land Registry Land Transactions"
"25986390","way","https://osm.org/way/25986390","","","IM4 4TF","Isle of Man Government Land Registry Land Transactions"
"25986421","way","https://osm.org/way/25986421","","","IM1 1BT","Isle of Man Government Land Registry Land Transactions"
"25986435","way","https://osm.org/way/25986435","","","IM3 2DP;IM3 2DR","Isle of Man Government Land Registry Land Transactions"
"25986454","way","https://osm.org/way/25986454","","","IM3 3DH","Isle of Man Government Land Registry Land Transactions"
"25986481","way","https://osm.org/way/25986481","","","IM3 3GB","Isle of Man Government Land Registry Land Transactions"
"25986498","way","https://osm.org/way/25986498","","","IM8 3LA","Isle of Man Government Land Registry Land Transactions"
"25986504","way","https://osm.org/way/25986504","","","IM8 1NF","Isle of Man Government Land Registry Land Transactions"
"25986510","way","https://osm.org/way/25986510","","","IM3 4LB","Isle of Man Government Land Registry Land Transactions"
"25986520","way","https://osm.org/way/25986520","","","IM4 4DD","Isle of Man Government Land Registry Land Transactions"
"25986528","way","https://osm.org/way/25986528","","","IM4 4RN;IM4 4RR",""
"25986552","way","https://osm.org/way/25986552","","","IM7 3HL","Isle of Man Government Land Registry Land Transactions"
"25986582","way","https://osm.org/way/25986582","","","IM4 1HT","Isle of Man Government Planning Applications"
"25986597","way","https://osm.org/way/25986597","","","IM4 4TS","Isle of Man Government Land Registry Land Transactions"
"25986603","way","https://osm.org/way/25986603","","","IM8 1JL","Isle of Man Government Land Registry Land Transactions"
"25986608","way","https://osm.org/way/25986608","","","IM4 4QU","Isle of Man Government Planning Applications"
"25986619","way","https://osm.org/way/25986619","","","IM2 2NZ","Isle of Man Government Land Registry Land Transactions"
"25986630","way","https://osm.org/way/25986630","","","IM2 5LU","Isle of Man Government Land Registry Land Transactions"
"25986644","way","https://osm.org/way/25986644","","","IM4 4NQ","Isle of Man Government Land Registry Land Transactions"
"25986654","way","https://osm.org/way/25986654","","","IM9 6JH","Isle of Man Government Land Registry Land Transactions"
"25986670","way","https://osm.org/way/25986670","","","IM8 3LG","Isle of Man Government Land Registry Land Transactions"
"25986671","way","https://osm.org/way/25986671","","","IM3 4AH;IM3 4AQ","Isle of Man Government Land Registry Land Transactions"
"25986674","way","https://osm.org/way/25986674","","","IM2 5HU;IM2 5HX","Isle of Man Government Land Registry Land Transactions"
"25986681","way","https://osm.org/way/25986681","","","IM2 1ND;IM2 1NE","Isle of Man Government Land Registry Land Transactions"
"25986698","way","https://osm.org/way/25986698","","","IM1 4BZ","Isle of Man Government Land Registry Land Transactions"
"25986715","way","https://osm.org/way/25986715","","","IM5 1UW","Isle of Man Government Land Registry Land Transactions"
"25986727","way","https://osm.org/way/25986727","","","IM7 4HY","Isle of Man Government Land Registry Land Transactions"
"25986732","way","https://osm.org/way/25986732","","","IM3 4EY","Isle of Man Government Land Registry Land Transactions"
"25986736","way","https://osm.org/way/25986736","","","IM2 7EJ","Isle of Man Government Land Registry Land Transactions"
"25986740","way","https://osm.org/way/25986740","","","IM2 1JG","Isle of Man Government Land Registry Land Transactions"
"25986746","way","https://osm.org/way/25986746","","","IM1 4EP;IM1 4ER","Isle of Man Government Land Registry Land Transactions"
"25986783","way","https://osm.org/way/25986783","","","IM1 1BX","Isle of Man Government Land Registry Land Transactions"
"25986789","way","https://osm.org/way/25986789","","","IM2 7AJ","Isle of Man Government Land Registry Land Transactions"
"25986813","way","https://osm.org/way/25986813","","","IM2 7EG","Isle of Man Government Land Registry Land Transactions"
"25986839","way","https://osm.org/way/25986839","","","IM2 2BT","Isle of Man Government Land Registry Land Transactions"
"25986843","way","https://osm.org/way/25986843","","","IM1 4HP;IM1 4HW","Isle of Man Government Land Registry Land Transactions"
"25986889","way","https://osm.org/way/25986889","","","IM2 4AU;IM2 4AY","Isle of Man Government Land Registry Land Transactions"
"25986896","way","https://osm.org/way/25986896","","","IM2 1QS;IM2 1QT","Isle of Man Government Land Registry Land Transactions"
"25986897","way","https://osm.org/way/25986897","","","IM8 3PT","Isle of Man Government Land Registry Land Transactions"
"25986911","way","https://osm.org/way/25986911","","","IM8 1LX;IM8 1NA","Isle of Man Government Land Registry Land Transactions"
"25986912","way","https://osm.org/way/25986912","","","IM2 3LA","Isle of Man Government Land Registry Land Transactions"
"25986921","way","https://osm.org/way/25986921","","","IM2 5NU","Isle of Man Government Land Registry Land Transactions"
"25986926","way","https://osm.org/way/25986926","","","IM3 2JN","Isle of Man Government Land Registry Land Transactions"
"25986934","way","https://osm.org/way/25986934","","","IM3 4HH","Isle of Man Government Land Registry Land Transactions"
"25986937","way","https://osm.org/way/25986937","","","IM2 4BP","Isle of Man Government Land Registry Land Transactions"
"25986960","way","https://osm.org/way/25986960","","","IM5 1NX;IM5 1NY","Isle of Man Government Land Registry Land Transactions"
"25986973","way","https://osm.org/way/25986973","","","IM8 3TD","Isle of Man Government Land Registry Land Transactions"
"25986982","way","https://osm.org/way/25986982","","","IM3 3HY;IM3 3HZ","Isle of Man Government Land Registry Land Transactions"
"25986997","way","https://osm.org/way/25986997","","","IM2 6AD","Isle of Man Government Land Registry Land Transactions"
"25987008","way","https://osm.org/way/25987008","","","IM9 4HR","Isle of Man Government Land Registry Land Transactions"
"25987009","way","https://osm.org/way/25987009","","","IM3 1JA","Isle of Man Government Land Registry Land Transactions"
"25987039","way","https://osm.org/way/25987039","","","IM3 2DD","Isle of Man Government Land Registry Land Transactions"
"25987050","way","https://osm.org/way/25987050","","","IM3 1EF;IM3 1EG","Isle of Man Government Land Registry Land Transactions"
"25987057","way","https://osm.org/way/25987057","","","IM4 4TH","Isle of Man Government Land Registry Land Transactions"
"25987062","way","https://osm.org/way/25987062","","","IM2 7ED","Isle of Man Government Land Registry Land Transactions"
"25987085","way","https://osm.org/way/25987085","","","IM5 1UJ","Isle of Man Government Land Registry Land Transactions"
"25987097","way","https://osm.org/way/25987097","","","IM2 6BJ","Isle of Man Government Land Registry Land Transactions"
"25987100","way","https://osm.org/way/25987100","","","IM4 4EH","Isle of Man Government Land Registry Land Transactions"
"25987124","way","https://osm.org/way/25987124","","","IM4 6ED;IM4 6EE","Isle of Man Government Land Registry Land Transactions"
"25987130","way","https://osm.org/way/25987130","","","IM9 6EJ","Isle of Man Government Land Registry Land Transactions"
"25987132","way","https://osm.org/way/25987132","","","IM9 4BE","Isle of Man Government Land Registry Land Transactions"
"25987143","way","https://osm.org/way/25987143","","","IM2 5PL","Isle of Man Government Land Registry Land Transactions"
"25987161","way","https://osm.org/way/25987161","","","IM2 4BG","Isle of Man Government Land Registry Land Transactions"
"25987165","way","https://osm.org/way/25987165","","","IM8 3EH;IM8 3EJ","Isle of Man Government Land Registry Land Transactions"
"25987167","way","https://osm.org/way/25987167","","","IM3 3HA","Isle of Man Government Land Registry Land Transactions"
"25987171","way","https://osm.org/way/25987171","","","IM4 6DY;IM4 6DZ","Isle of Man Government Land Registry Land Transactions"
"25987186","way","https://osm.org/way/25987186","","","IM3 4AZ","Isle of Man Government Land Registry Land Transactions"
"25987190","way","https://osm.org/way/25987190","","","IM4 4TR","Isle of Man Government Land Registry Land Transactions"
"25987231","way","https://osm.org/way/25987231","","","IM2 4PH","Isle of Man Government Land Registry Land Transactions"
"25987254","way","https://osm.org/way/25987254","","","IM3 3BU","Isle of Man Government Land Registry Land Transactions"
"25987257","way","https://osm.org/way/25987257","","","IM2 1PX;IM2 1PY","Isle of Man Government Land Registry Land Transactions"
"25987259","way","https://osm.org/way/25987259","","","IM2 4ET","Isle of Man Government Land Registry Land Transactions"
"25987263","way","https://osm.org/way/25987263","","","IM3 1BT","Isle of Man Government Land Registry Land Transactions"
"25987282","way","https://osm.org/way/25987282","","","IM2 1PL","Isle of Man Government Land Registry Land Transactions"
"25987300","way","https://osm.org/way/25987300","","","IM8 3PU","Isle of Man Government Land Registry Land Transactions"
"25987305","way","https://osm.org/way/25987305","","","IM5 1DW","Isle of Man Government Land Registry Land Transactions"
"25987311","way","https://osm.org/way/25987311","","","IM2 3HB;IM2 3HE","Isle of Man Government Land Registry Land Transactions"
"25987314","way","https://osm.org/way/25987314","","","IM4 2DH","Isle of Man Government Land Registry Land Transactions"
"25987315","way","https://osm.org/way/25987315","","","IM2 7DZ","Isle of Man Government Land Registry Land Transactions"
"25987318","way","https://osm.org/way/25987318","","","IM2 3QA;IM2 3QB","Isle of Man Government Land Registry Land Transactions"
"25987322","way","https://osm.org/way/25987322","","","IM8 3UL","Isle of Man Government Land Registry Land Transactions"
"25987337","way","https://osm.org/way/25987337","","","IM2 1QQ","Isle of Man Government Land Registry Land Transactions"
"25987351","way","https://osm.org/way/25987351","","","IM2 3QT","Isle of Man Government Land Registry Land Transactions"
"25987358","way","https://osm.org/way/25987358","","","IM4 4TT","Isle of Man Government Land Registry Land Transactions"
"25987364","way","https://osm.org/way/25987364","","","IM3 2DT","Isle of Man Government Land Registry Land Transactions"
"25987372","way","https://osm.org/way/25987372","","","IM9 6HN","Isle of Man Government Land Registry Land Transactions"
"25987384","way","https://osm.org/way/25987384","","","IM9 1AL","Isle of Man Government Land Registry Land Transactions"
"25987407","way","https://osm.org/way/25987407","","","IM4 4JZ","Isle of Man Government Land Registry Land Transactions"
"25987409","way","https://osm.org/way/25987409","","","IM8 3DG","Isle of Man Government Land Registry Land Transactions"
"25987410","way","https://osm.org/way/25987410","","","IM3 4ED;IM3 4EG","Isle of Man Government Land Registry Land Transactions"
"25987417","way","https://osm.org/way/25987417","","","IM9 2ES","Isle of Man Government Land Registry Land Transactions"
"25987460","way","https://osm.org/way/25987460","","","IM1 1EF","Isle of Man Government Planning Applications"
"25987466","way","https://osm.org/way/25987466","","","IM4 4EX","Isle of Man Government Land Registry Land Transactions"
"25987489","way","https://osm.org/way/25987489","","","IM5 1DU;IM5 1DW","Isle of Man Government Land Registry Land Transactions"
"25987493","way","https://osm.org/way/25987493","","","IM3 4EX","Isle of Man Government Land Registry Land Transactions"
"25987503","way","https://osm.org/way/25987503","","","IM2 1PA","Isle of Man Government Land Registry Land Transactions"
"25987508","way","https://osm.org/way/25987508","","","IM2 7BT","Isle of Man Government Land Registry Land Transactions"
"25987538","way","https://osm.org/way/25987538","","","IM8 3PW","Isle of Man Government Land Registry Land Transactions"
"25987547","way","https://osm.org/way/25987547","","","IM8 1NG","Isle of Man Government Land Registry Land Transactions"
"25987553","way","https://osm.org/way/25987553","","","IM3 4AL","Isle of Man Government Land Registry Land Transactions"
"25987556","way","https://osm.org/way/25987556","","","IM3 3HQ","Isle of Man Government Land Registry Land Transactions"
"25987559","way","https://osm.org/way/25987559","","","IM3 1BH","Isle of Man Government Land Registry Land Transactions"
"25987567","way","https://osm.org/way/25987567","","","IM3 3HD","Isle of Man Government Land Registry Land Transactions"
"25987569","way","https://osm.org/way/25987569","","","IM3 1BB;IM3 1BD","Isle of Man Government Land Registry Land Transactions"
"25987571","way","https://osm.org/way/25987571","","","IM2 5BP;IM2 5BW","Isle of Man Government Land Registry Land Transactions"
"25987584","way","https://osm.org/way/25987584","","","IM9 6HS","Isle of Man Government Land Registry Land Transactions"
"25987597","way","https://osm.org/way/25987597","","","IM3 3HY;IM3 3HZ","Isle of Man Government Land Registry Land Transactions"
"25987646","way","https://osm.org/way/25987646","","","IM9 3EB","Isle of Man Government Land Registry Land Transactions"
"25987655","way","https://osm.org/way/25987655","","","IM2 2NL;IM2 2NN","Isle of Man Government Land Registry Land Transactions"
"25987666","way","https://osm.org/way/25987666","","","IM2 4HJ","Isle of Man Government Land Registry Land Transactions"
"25987673","way","https://osm.org/way/25987673","","","IM9 2EL","Isle of Man Government Land Registry Land Transactions"
"25987676","way","https://osm.org/way/25987676","","","IM2 3HS","Isle of Man Government Land Registry Land Transactions"
"25987683","way","https://osm.org/way/25987683","","","IM3 2EX;IM3 2EY","Isle of Man Government Land Registry Land Transactions"
"25987694","way","https://osm.org/way/25987694","","","IM7 4FA","Isle of Man Government Land Registry Land Transactions"
"25987699","way","https://osm.org/way/25987699","","","IM9 4BJ","Isle of Man Government Land Registry Land Transactions"
"25987727","way","https://osm.org/way/25987727","","","IM1 3JR","Isle of Man Government Land Registry Land Transactions"
"25987728","way","https://osm.org/way/25987728","","","IM2 3EL","Isle of Man Government Land Registry Land Transactions"
"25987748","way","https://osm.org/way/25987748","","","IM1 4HA;IM1 4EZ","Isle of Man Government Land Registry Land Transactions"
"25987752","way","https://osm.org/way/25987752","","","IM2 5HJ;IM2 5HN","Isle of Man Government Land Registry Land Transactions"
"25987791","way","https://osm.org/way/25987791","","","IM2 6AF","Isle of Man Government Land Registry Land Transactions"
"25987796","way","https://osm.org/way/25987796","","","IM3 1NP","Isle of Man Government Land Registry Land Transactions"
"25987797","way","https://osm.org/way/25987797","","","IM2 2PE;IM2 2PG","Isle of Man Government Land Registry Land Transactions"
"25987804","way","https://osm.org/way/25987804","","","IM8 3DS","Isle of Man Government Land Registry Land Transactions"
"25987813","way","https://osm.org/way/25987813","","","IM7 3HL","Isle of Man Government Land Registry Land Transactions"
"25987814","way","https://osm.org/way/25987814","","","IM8 1DB","Isle of Man Government Land Registry Land Transactions"
"25987820","way","https://osm.org/way/25987820","","","IM5 1ND","Isle of Man Government Land Registry Land Transactions"
"25987830","way","https://osm.org/way/25987830","","","IM2 3HD","Isle of Man Government Land Registry Land Transactions"
"25987833","way","https://osm.org/way/25987833","","","IM1 4DB;IM1 4DE","Isle of Man Government Land Registry Land Transactions"
"25987848","way","https://osm.org/way/25987848","","","IM8 3LG","Isle of Man Government Land Registry Land Transactions"
"25987858","way","https://osm.org/way/25987858","","","IM2 1QR","Isle of Man Government Land Registry Land Transactions"
"25987861","way","https://osm.org/way/25987861","","","IM2 7EF","Isle of Man Government Land Registry Land Transactions"
"25987874","way","https://osm.org/way/25987874","","","IM2 4AS","Isle of Man Government Land Registry Land Transactions"
"25987904","way","https://osm.org/way/25987904","","","IM2 5PS","Isle of Man Government Land Registry Land Transactions"
"25987909","way","https://osm.org/way/25987909","","","IM2 1NQ","Isle of Man Government Land Registry Land Transactions"
"25987910","way","https://osm.org/way/25987910","","","IM4 4TJ","Isle of Man Government Land Registry Land Transactions"
"25987924","way","https://osm.org/way/25987924","","","IM2 5BB","Isle of Man Government Land Registry Land Transactions"
"25987925","way","https://osm.org/way/25987925","","","IM5 1DW","Isle of Man Government Land Registry Land Transactions"
"25987927","way","https://osm.org/way/25987927","","","IM3 3HR","Isle of Man Government Land Registry Land Transactions"
"25987931","way","https://osm.org/way/25987931","","","IM2 1QU","Isle of Man Government Land Registry Land Transactions"
"25987949","way","https://osm.org/way/25987949","","","IM3 3BR","Isle of Man Government Land Registry Land Transactions"
"25987969","way","https://osm.org/way/25987969","","","IM9 4NQ","Isle of Man Government Land Registry Land Transactions"
"25987972","way","https://osm.org/way/25987972","","","IM1 4DA","Isle of Man Government Land Registry Land Transactions"
"25987982","way","https://osm.org/way/25987982","","","IM7 4HQ","Isle of Man Government Land Registry Land Transactions"
"25987985","way","https://osm.org/way/25987985","","","IM5 1BL","Isle of Man Government Land Registry Land Transactions"
"25987996","way","https://osm.org/way/25987996","","","IM5 1BZ","Isle of Man Government Land Registry Land Transactions"
"25988035","way","https://osm.org/way/25988035","","","IM2 1QL","Isle of Man Government Land Registry Land Transactions"
"25988037","way","https://osm.org/way/25988037","","","IM4 4NQ","Isle of Man Government Land Registry Land Transactions"
"25988042","way","https://osm.org/way/25988042","","","IM3 1LR","Isle of Man Government Land Registry Land Transactions"
"25988050","way","https://osm.org/way/25988050","","","IM3 3BU","Isle of Man Government Land Registry Land Transactions"
"25988054","way","https://osm.org/way/25988054","","","IM5 1DG","Isle of Man Government Land Registry Land Transactions"
"25988070","way","https://osm.org/way/25988070","","","IM1 4AX","Isle of Man Government Land Registry Land Transactions"
"25988075","way","https://osm.org/way/25988075","","","IM2 5ET","Isle of Man Government Land Registry Land Transactions"
"25988088","way","https://osm.org/way/25988088","","","IM5 1DB","Isle of Man Government Land Registry Land Transactions"
"25988107","way","https://osm.org/way/25988107","","","IM8 2HG;IM8 2HJ","Isle of Man Government Land Registry Land Transactions"
"25988125","way","https://osm.org/way/25988125","","","IM9 3DF","Isle of Man Government Planning Applications"
"25988136","way","https://osm.org/way/25988136","","","IM3 2DL;IM3 2EU","Isle of Man Government Land Registry Land Transactions"
"25988141","way","https://osm.org/way/25988141","","","IM9 4LN","Isle of Man Government Land Registry Land Transactions"
"25988153","way","https://osm.org/way/25988153","","","IM2 7DY","Isle of Man Government Land Registry Land Transactions"
"25988159","way","https://osm.org/way/25988159","","","IM2 1NH","Isle of Man Government Land Registry Land Transactions"
"25988230","way","https://osm.org/way/25988230","","","IM1 3LL","Isle of Man Government Land Registry Land Transactions"
"25988233","way","https://osm.org/way/25988233","","","IM8 3EF","Isle of Man Government Land Registry Land Transactions"
"25988245","way","https://osm.org/way/25988245","","","IM8 3DL","Isle of Man Government Land Registry Land Transactions"
"25988256","way","https://osm.org/way/25988256","","","IM3 3HF","Isle of Man Government Land Registry Land Transactions"
"25988268","way","https://osm.org/way/25988268","","","IM2 3NN","Isle of Man Government Land Registry Land Transactions"
"25988278","way","https://osm.org/way/25988278","","","IM9 1AJ","Isle of Man Government Land Registry Land Transactions"
"25988280","way","https://osm.org/way/25988280","","","IM2 3HF;IM2 3HG","Isle of Man Government Land Registry Land Transactions"
"25988283","way","https://osm.org/way/25988283","","","IM3 1ND","Isle of Man Government Land Registry Land Transactions"
"25988290","way","https://osm.org/way/25988290","","","IM2 4ES","Isle of Man Government Land Registry Land Transactions"
"25988291","way","https://osm.org/way/25988291","","","IM2 1QJ","Isle of Man Government Land Registry Land Transactions"
"25988301","way","https://osm.org/way/25988301","","","IM3 1HT","Isle of Man Government Land Registry Land Transactions"
"25988302","way","https://osm.org/way/25988302","","","IM9 4DD","Isle of Man Government Land Registry Land Transactions"
"25988346","way","https://osm.org/way/25988346","","","IM4 4AX","Isle of Man Government Land Registry Land Transactions"
"25988357","way","https://osm.org/way/25988357","","","IM8 3PJ","Isle of Man Government Land Registry Land Transactions"
"25988366","way","https://osm.org/way/25988366","","","IM3 2AN","Isle of Man Government Land Registry Land Transactions"
"25988370","way","https://osm.org/way/25988370","","","IM2 5HR","Isle of Man Government Land Registry Land Transactions"
"25988377","way","https://osm.org/way/25988377","","","IM2 2PB","Isle of Man Government Land Registry Land Transactions"
"25988404","way","https://osm.org/way/25988404","","","IM3 1BS","Isle of Man Government Land Registry Land Transactions"
"25988419","way","https://osm.org/way/25988419","","","IM3 4EH;IM3 4EQ","Isle of Man Government Land Registry Land Transactions"
"25988431","way","https://osm.org/way/25988431","","","IM2 2NT","Isle of Man Government Land Registry Land Transactions"
"25988432","way","https://osm.org/way/25988432","","","IM2 2NQ","Isle of Man Government Land Registry Land Transactions"
"25988458","way","https://osm.org/way/25988458","","","IM5 1BJ","Isle of Man Government Land Registry Land Transactions"
"25988487","way","https://osm.org/way/25988487","","","IM2 2QW","Isle of Man Government Land Registry Land Transactions"
"25988523","way","https://osm.org/way/25988523","","","IM2 3EZ;IM2 3HA","Isle of Man Government Land Registry Land Transactions"
"25988563","way","https://osm.org/way/25988563","","","IM8 2JQ","Isle of Man Government Land Registry Land Transactions"
"25988582","way","https://osm.org/way/25988582","","","IM3 4BN","Isle of Man Government Land Registry Land Transactions"
"25988586","way","https://osm.org/way/25988586","","","IM2 6HJ","Isle of Man Government Land Registry Land Transactions"
"25988591","way","https://osm.org/way/25988591","","","IM9 6HR","Isle of Man Government Land Registry Land Transactions"
"25988601","way","https://osm.org/way/25988601","","","IM2 4HD","Isle of Man Government Land Registry Land Transactions"
"25988604","way","https://osm.org/way/25988604","","","IM7 4HG","Isle of Man Government Land Registry Land Transactions"
"25988608","way","https://osm.org/way/25988608","","","IM3 4BR","Isle of Man Government Land Registry Land Transactions"
"25988619","way","https://osm.org/way/25988619","","","IM2 5BN;IM2 5BL","Isle of Man Government Land Registry Land Transactions"
"25988620","way","https://osm.org/way/25988620","","","IM4 4EG","Isle of Man Government Land Registry Land Transactions"
"25988621","way","https://osm.org/way/25988621","","","IM9 3DE","Isle of Man Government Planning Applications"
"25988652","way","https://osm.org/way/25988652","","","IM3 2JT;IM3 2JU","Isle of Man Government Land Registry Land Transactions"
"25988653","way","https://osm.org/way/25988653","","","IM3 3GD","Isle of Man Government Land Registry Land Transactions"
"25988666","way","https://osm.org/way/25988666","","","IM5 1UL;IM5 1UN","Isle of Man Government Land Registry Land Transactions"
"25988676","way","https://osm.org/way/25988676","","","IM9 4EL","Isle of Man Government Land Registry Land Transactions"
"25988681","way","https://osm.org/way/25988681","","","IM9 3AE","Isle of Man Government Land Registry Land Transactions"
"25988709","way","https://osm.org/way/25988709","","","IM2 7AG","Isle of Man Government Land Registry Land Transactions"
"25988715","way","https://osm.org/way/25988715","","","IM3 4AD","Isle of Man Government Land Registry Land Transactions"
"25988733","way","https://osm.org/way/25988733","","","IM5 1NE","Isle of Man Government Land Registry Land Transactions"
"25988735","way","https://osm.org/way/25988735","","","IM2 3AH","Isle of Man Government Land Registry Land Transactions"
"25988753","way","https://osm.org/way/25988753","","","IM8 3HA",""
"25988770","way","https://osm.org/way/25988770","","","IM3 4BL","Isle of Man Government Land Registry Land Transactions"
"25988771","way","https://osm.org/way/25988771","","","IM2 6AF","Isle of Man Government Land Registry Land Transactions"
"25988773","way","https://osm.org/way/25988773","","","IM1 4ET;IM1 4EX","Isle of Man Government Land Registry Land Transactions"
"25988779","way","https://osm.org/way/25988779","","","IM1 3LZ","Isle of Man Government Land Registry Land Transactions"
"25988785","way","https://osm.org/way/25988785","","","IM8 3DP","Isle of Man Government Land Registry Land Transactions"
"25988813","way","https://osm.org/way/25988813","","","IM2 1NF","Isle of Man Government Land Registry Land Transactions"
"25988821","way","https://osm.org/way/25988821","","","IM9 4BF","Isle of Man Government Land Registry Land Transactions"
"25988825","way","https://osm.org/way/25988825","","","IM2 1QN","Isle of Man Government Land Registry Land Transactions"
"25988826","way","https://osm.org/way/25988826","","","IM5 1PH","Isle of Man Government Land Registry Land Transactions"
"25988832","way","https://osm.org/way/25988832","","","IM2 4BF","Isle of Man Government Land Registry Land Transactions"
"25988840","way","https://osm.org/way/25988840","","","IM3 2DJ","Isle of Man Government Land Registry Land Transactions"
"25988858","way","https://osm.org/way/25988858","","","IM2 6AP;IM2 6AW","Isle of Man Government Land Registry Land Transactions"
"25988862","way","https://osm.org/way/25988862","","","IM3 3HS","Isle of Man Government Land Registry Land Transactions"
"25988867","way","https://osm.org/way/25988867","","","IM9 4NZ","Isle of Man Government Land Registry Land Transactions"
"25988872","way","https://osm.org/way/25988872","","","IM9 4AY","Isle of Man Government Land Registry Land Transactions"
"25988878","way","https://osm.org/way/25988878","","","IM1 3LE;IM1 3LF","Isle of Man Government Land Registry Land Transactions"
"25988895","way","https://osm.org/way/25988895","","","IM8 3PP;IM8 3PR","Isle of Man Government Land Registry Land Transactions"
"25988975","way","https://osm.org/way/25988975","","","IM1 3LU;IM1 3LT","Isle of Man Government Land Registry Land Transactions"
"25988985","way","https://osm.org/way/25988985","","","IM4 4TP","Isle of Man Government Land Registry Land Transactions"
"25988992","way","https://osm.org/way/25988992","","","IM3 3HB","Isle of Man Government Land Registry Land Transactions"
"25988993","way","https://osm.org/way/25988993","","","IM1 4AR","Isle of Man Government Land Registry Land Transactions"
"25989009","way","https://osm.org/way/25989009","","","IM6 1FA","Isle of Man Government Land Registry Land Transactions"
"25989027","way","https://osm.org/way/25989027","","","IM3 3BR","Isle of Man Government Land Registry Land Transactions"
"25989033","way","https://osm.org/way/25989033","","","IM3 3BA","Isle of Man Government Land Registry Land Transactions"
"25989041","way","https://osm.org/way/25989041","","","IM3 1LH;IM3 1LQ","Isle of Man Government Land Registry Land Transactions"
"25989059","way","https://osm.org/way/25989059","","","IM2 1PP","Isle of Man Government Land Registry Land Transactions"
"25989071","way","https://osm.org/way/25989071","","","IM2 7DX","Isle of Man Government Land Registry Land Transactions"
"25989082","way","https://osm.org/way/25989082","","","IM8 3ED","Isle of Man Government Land Registry Land Transactions"
"25989089","way","https://osm.org/way/25989089","","","IM9 6FD","Isle of Man Government Land Registry Land Transactions"
"25989109","way","https://osm.org/way/25989109","","","IM2 1QY","Isle of Man Government Land Registry Land Transactions"
"25989129","way","https://osm.org/way/25989129","","","IM2 3NQ","Isle of Man Government Land Registry Land Transactions"
"25989138","way","https://osm.org/way/25989138","","","IM2 3NR","Isle of Man Government Land Registry Land Transactions"
"25989150","way","https://osm.org/way/25989150","","","IM3 4LZ;IM3 4NA","Isle of Man Government Land Registry Land Transactions"
"25989157","way","https://osm.org/way/25989157","","","IM3 3HW","Isle of Man Government Land Registry Land Transactions"
"25989159","way","https://osm.org/way/25989159","","","IM4 3HA","Isle of Man Government Land Registry Land Transactions"
"25989163","way","https://osm.org/way/25989163","","","IM8 3PS","Isle of Man Government Land Registry Land Transactions"
"25989170","way","https://osm.org/way/25989170","","","IM2 1NT","Isle of Man Government Land Registry Land Transactions"
"25989176","way","https://osm.org/way/25989176","","","IM8 3PY","Isle of Man Government Land Registry Land Transactions"
"25989178","way","https://osm.org/way/25989178","","","IM2 3EG","Isle of Man Government Land Registry Land Transactions"
"25989183","way","https://osm.org/way/25989183","","","IM8 1LS","Isle of Man Government Land Registry Land Transactions"
"25989185","way","https://osm.org/way/25989185","","","IM3 3AE;IM3 3AF","Isle of Man Government Land Registry Land Transactions"
"25989186","way","https://osm.org/way/25989186","","","IM5 1NX;IM5 1NY","Isle of Man Government Land Registry Land Transactions"
"25989199","way","https://osm.org/way/25989199","","","IM9 4BL","Isle of Man Government Land Registry Land Transactions"
"25989220","way","https://osm.org/way/25989220","","","IM3 3BU","Isle of Man Government Land Registry Land Transactions"
"25989230","way","https://osm.org/way/25989230","","","IM3 3HU","Isle of Man Government Land Registry Land Transactions"
"25989231","way","https://osm.org/way/25989231","","","IM5 1UR","Isle of Man Government Land Registry Land Transactions"
"25989239","way","https://osm.org/way/25989239","","","IM9 6JB","Isle of Man Government Land Registry Land Transactions"
"25989245","way","https://osm.org/way/25989245","","","IM6 1EQ","Isle of Man Government Land Registry Land Transactions"
"25989276","way","https://osm.org/way/25989276","","","IM8 2JN","Isle of Man Government Land Registry Land Transactions"
"25989281","way","https://osm.org/way/25989281","","","IM3 4BE","Isle of Man Government Land Registry Land Transactions"
"25989289","way","https://osm.org/way/25989289","","","IM2 5HU;IM2 5HX","Isle of Man Government Land Registry Land Transactions"
"25989291","way","https://osm.org/way/25989291","","","IM9 6JB","Isle of Man Government Land Registry Land Transactions"
"25989337","way","https://osm.org/way/25989337","","","IM3 4NH;IM3 4NJ","Isle of Man Government Land Registry Land Transactions"
"25989338","way","https://osm.org/way/25989338","","","IM3 2AW","Isle of Man Government Land Registry Land Transactions"
"25989344","way","https://osm.org/way/25989344","","","IM3 1BS","Isle of Man Government Land Registry Land Transactions"
"25989356","way","https://osm.org/way/25989356","","","IM5 3BU","Isle of Man Government Land Registry Land Transactions"
"25989360","way","https://osm.org/way/25989360","","","IM2 3RD","Isle of Man Government Land Registry Land Transactions"
"25989370","way","https://osm.org/way/25989370","","","IM8 2HF","Isle of Man Government Land Registry Land Transactions"
"25989391","way","https://osm.org/way/25989391","","","IM3 2EX;IM3 2EY","Isle of Man Government Land Registry Land Transactions"
"25989435","way","https://osm.org/way/25989435","","","IM2 4HA;IM2 4HB","Isle of Man Government Land Registry Land Transactions"
"25989444","way","https://osm.org/way/25989444","","","IM4 4QU","Isle of Man Government Planning Applications"
"25989463","way","https://osm.org/way/25989463","","","IM5 1BN","Isle of Man Government Land Registry Land Transactions"
"25989475","way","https://osm.org/way/25989475","","","IM2 2NR","Isle of Man Government Land Registry Land Transactions"
"25989485","way","https://osm.org/way/25989485","","","IM2 5LJ;IM2 5LN","Isle of Man Government Land Registry Land Transactions"
"25989519","way","https://osm.org/way/25989519","","","IM3 4AF;IM3 4AG","Isle of Man Government Land Registry Land Transactions"
"25989520","way","https://osm.org/way/25989520","","","IM8 2JN","Isle of Man Government Land Registry Land Transactions"
"25989527","way","https://osm.org/way/25989527","","","IM3 3JS","Isle of Man Government Land Registry Land Transactions"
"25989538","way","https://osm.org/way/25989538","","","IM1 3JD;IM1 3JF","Isle of Man Government Land Registry Land Transactions"
"25989550","way","https://osm.org/way/25989550","","","IM3 4BF","Isle of Man Government Land Registry Land Transactions"
"25989566","way","https://osm.org/way/25989566","","","IM8 3PY","Isle of Man Government Land Registry Land Transactions"
"25989580","way","https://osm.org/way/25989580","","","IM4 4NG","Isle of Man Government Land Registry Land Transactions"
"25989585","way","https://osm.org/way/25989585","","","IM9 6EF",""
"25989601","way","https://osm.org/way/25989601","","","IM2 5LY","Isle of Man Government Land Registry Land Transactions"
"25989633","way","https://osm.org/way/25989633","","","IM1 4AP","Isle of Man Government Land Registry Land Transactions"
"25989652","way","https://osm.org/way/25989652","","","IM5 1JZ;IM5 1LB","Isle of Man Government Land Registry Land Transactions"
"25989658","way","https://osm.org/way/25989658","","","IM3 4HL","Isle of Man Government Land Registry Land Transactions"
"25989663","way","https://osm.org/way/25989663","","","IM3 4HF;IM3 4HG","Isle of Man Government Land Registry Land Transactions"
"25989670","way","https://osm.org/way/25989670","","","IM2 6AF","Isle of Man Government Land Registry Land Transactions"
"25989671","way","https://osm.org/way/25989671","","","IM2 7AH;IM2 7AQ","Isle of Man Government Land Registry Land Transactions"
"25989673","way","https://osm.org/way/25989673","","","IM4 4HY","Isle of Man Government Land Registry Land Transactions"
"25989684","way","https://osm.org/way/25989684","","","IM4 4LJ;IM4 4LL","Isle of Man Government Land Registry Land Transactions"
"25989699","way","https://osm.org/way/25989699","","","IM8 2HE","Isle of Man Government Land Registry Land Transactions"
"25989712","way","https://osm.org/way/25989712","","","IM4 3JR","Isle of Man Government Land Registry Land Transactions"
"25989747","way","https://osm.org/way/25989747","","","IM2 5NQ","Isle of Man Government Land Registry Land Transactions"
"28616195","way","https://osm.org/way/28616195","","","IM1 2QE;IM1 2QD","Isle of Man Government Land Registry Land Transactions"
"28616206","way","https://osm.org/way/28616206","","","IM1 1BW","Isle of Man Government Land Registry Land Transactions"
"28616208","way","https://osm.org/way/28616208","","","IM1 1BS","Isle of Man Government Land Registry Land Transactions"
"28616212","way","https://osm.org/way/28616212","","","IM1 1BU","Isle of Man Government Land Registry Land Transactions"
"30097819","way","https://osm.org/way/30097819","","","IM4 3BE","Isle of Man Government Land Registry Land Transactions"
"32789617","way","https://osm.org/way/32789617","","","IM2 6HR","Isle of Man Government Land Registry Land Transactions"
"32789622","way","https://osm.org/way/32789622","","","IM2 6HU","Isle of Man Government Land Registry Land Transactions"
"38430285","way","https://osm.org/way/38430285","","","IM1 5AT",""
"38482810","way","https://osm.org/way/38482810","","","IM1 4LT","Isle of Man Government Planning Applications"
"38555509","way","https://osm.org/way/38555509","","","IM9 6FG","Isle of Man Government Land Registry Land Transactions"
"38652579","way","https://osm.org/way/38652579","","","IM9 1TS","Isle of Man Government Land Registry Land Transactions"
"38787446","way","https://osm.org/way/38787446","","","IM9 4HR","Isle of Man Government Land Registry Land Transactions"
"38962190","way","https://osm.org/way/38962190","","","IM3 2JW","Isle of Man Government Land Registry Land Transactions"
"39658883","way","https://osm.org/way/39658883","","","IM8 2AH",""
"40699390","way","https://osm.org/way/40699390","","","IM6 1EF","Isle of Man Government Land Registry Land Transactions"
"41156419","way","https://osm.org/way/41156419","","","IM1 5EA;IM1 5EB",""
"43531304","way","https://osm.org/way/43531304","","","IM5 1PD","Isle of Man Government Land Registry Land Transactions"
"58423645","way","https://osm.org/way/58423645","","","IM2 6HT","Isle of Man Government Land Registry Land Transactions"
"58474524","way","https://osm.org/way/58474524","","","IM4 4FG;IM4 4FH","Isle of Man Government Land Registry Land Transactions"
"58474525","way","https://osm.org/way/58474525","","","IM4 4FA","Isle of Man Government Land Registry Land Transactions"
"58474526","way","https://osm.org/way/58474526","","","IM4 4FB","Isle of Man Government Land Registry Land Transactions"
"58474541","way","https://osm.org/way/58474541","","","IM4 4FF","Isle of Man Government Land Registry Land Transactions"
"58474545","way","https://osm.org/way/58474545","","","IM4 4FD","Isle of Man Government Land Registry Land Transactions"
"59276113","way","https://osm.org/way/59276113","","","IM1 2RF",""
"59284204","way","https://osm.org/way/59284204","","","IM2 6AD","Isle of Man Government Land Registry Land Transactions"
"59285948","way","https://osm.org/way/59285948","","","IM1 2RW",""
"59321670","way","https://osm.org/way/59321670","","","IM1 5BW",""
"59384494","way","https://osm.org/way/59384494","","","IM1 5BT",""
"59384695","way","https://osm.org/way/59384695","","","IM2 1QB",""
"59384735","way","https://osm.org/way/59384735","","","IM1 5PT",""
"59384865","way","https://osm.org/way/59384865","","","IM1 2RZ",""
"59522602","way","https://osm.org/way/59522602","","","IM2 2QT",""
"59522619","way","https://osm.org/way/59522619","","","IM2 2SR",""
"59522622","way","https://osm.org/way/59522622","","","IM2 2QT",""
"59523525","way","https://osm.org/way/59523525","","","IM4 2HT",""
"59523627","way","https://osm.org/way/59523627","","","IM2 2QZ",""
"59541013","way","https://osm.org/way/59541013","","","IM9 2JE",""
"59585304","way","https://osm.org/way/59585304","","","IM9 2JE",""
"59760933","way","https://osm.org/way/59760933","","","IM9 1TE",""
"59954746","way","https://osm.org/way/59954746","","","IM9 2AR",""
"59954806","way","https://osm.org/way/59954806","","","IM9 3DX",""
"59954815","way","https://osm.org/way/59954815","","","IM9 2LA",""
"59995945","way","https://osm.org/way/59995945","","","IM9 2AH",""
"59996003","way","https://osm.org/way/59996003","","","IM9 3DW",""
"60048718","way","https://osm.org/way/60048718","","","IM9 6DJ",""
"60177068","way","https://osm.org/way/60177068","","","IM4 3EX",""
"60241056","way","https://osm.org/way/60241056","","","IM2 1QG",""
"60355814","way","https://osm.org/way/60355814","","","IM9 1RD",""
"60366134","way","https://osm.org/way/60366134","","","IM9 1TP",""
"60473176","way","https://osm.org/way/60473176","","","IM4 4LA",""
"60473183","way","https://osm.org/way/60473183","","","IM2 2RA",""
"60474347","way","https://osm.org/way/60474347","","","IM4 4RD",""
"60691999","way","https://osm.org/way/60691999","","","IM4 3AD",""
"60692103","way","https://osm.org/way/60692103","","","IM5 2AN",""
"60705650","way","https://osm.org/way/60705650","","","IM1 5PZ",""
"61009476","way","https://osm.org/way/61009476","","","IM9 5DA",""
"61561688","way","https://osm.org/way/61561688","","","IM1 1BJ","Isle of Man Government Land Registry Land Transactions"
"61561694","way","https://osm.org/way/61561694","","","IM1 3DT",""
"61561701","way","https://osm.org/way/61561701","","","IM1 1BE",""
"61580822","way","https://osm.org/way/61580822","","","IM1 2PT",""
"61580827","way","https://osm.org/way/61580827","","","IM1 2PT",""
"61596062","way","https://osm.org/way/61596062","","","IM1 3HA","Isle of Man Government Land Registry Land Transactions"
"61596063","way","https://osm.org/way/61596063","","","IM1 3HF;IM1 3HG","Isle of Man Government Land Registry Land Transactions"
"61596064","way","https://osm.org/way/61596064","","","IM1 3HD;IM1 3HE","Isle of Man Government Land Registry Land Transactions"
"62091772","way","https://osm.org/way/62091772","","","IM1 2EF",""
"62091774","way","https://osm.org/way/62091774","","","IM1 2EF",""
"62241454","way","https://osm.org/way/62241454","","","IM2 5RB",""
"62241468","way","https://osm.org/way/62241468","","","IM2 5RA",""
"62754988","way","https://osm.org/way/62754988","","","IM5 1HP",""
"71279581","way","https://osm.org/way/71279581","","","IM1 3EQ","Isle of Man Government Land Registry Land Transactions"
"71521260","way","https://osm.org/way/71521260","","","IM4 7AU",""
"72835987","way","https://osm.org/way/72835987","","","IM9 2EG","Isle of Man Government Planning Applications"
"77963984","way","https://osm.org/way/77963984","","","IM3 3LA",""
"77964050","way","https://osm.org/way/77964050","","","IM2 6RD",""
"77964053","way","https://osm.org/way/77964053","","","IM2 6RB",""
"78036149","way","https://osm.org/way/78036149","","","IM4 4LH",""
"78036167","way","https://osm.org/way/78036167","","","IM4 4LH",""
"78036214","way","https://osm.org/way/78036214","","","IM4 4LG",""
"78041216","way","https://osm.org/way/78041216","","","IM4 2AF",""
"78189884","way","https://osm.org/way/78189884","","","IM4 3LF",""
"79141600","way","https://osm.org/way/79141600","","","IM1 1ET",""
"79141615","way","https://osm.org/way/79141615","","","IM1 1LB",""
"79141636","way","https://osm.org/way/79141636","","","IM1 1LB",""
"79143112","way","https://osm.org/way/79143112","","","IM1 4LB",""
"79143125","way","https://osm.org/way/79143125","","","IM1 1LE",""
"79143392","way","https://osm.org/way/79143392","","","IM1 2AD",""
"79396353","way","https://osm.org/way/79396353","","","IM9 6LD",""
"79398092","way","https://osm.org/way/79398092","","","IM9 6AQ",""
"79398096","way","https://osm.org/way/79398096","","","IM9 6AG",""
"80341937","way","https://osm.org/way/80341937","","","IM4 2AF",""
"80822415","way","https://osm.org/way/80822415","","","IM2 4NH",""
"80822489","way","https://osm.org/way/80822489","","","IM2 4NN",""
"80830546","way","https://osm.org/way/80830546","","","IM2 4RA",""
"80830551","way","https://osm.org/way/80830551","","","IM2 4LU",""
"81446763","way","https://osm.org/way/81446763","","","IM1 2LY",""
"81446772","way","https://osm.org/way/81446772","","","IM1 2LY",""
"81446776","way","https://osm.org/way/81446776","","","IM1 2LX",""
"82564017","way","https://osm.org/way/82564017","","","IM2 4LE",""
"82614372","way","https://osm.org/way/82614372","","","IM1 3AG",""
"82614425","way","https://osm.org/way/82614425","","","IM1 3AE",""
"82674224","way","https://osm.org/way/82674224","","","IM1 1BF",""
"82674239","way","https://osm.org/way/82674239","","","IM1 1BF",""
"82674250","way","https://osm.org/way/82674250","","","IM1 3DE",""
"82737630","way","https://osm.org/way/82737630","","","IM1 2PW",""
"92055457","way","https://osm.org/way/92055457","","","IM2 4WD",""
"99323317","way","https://osm.org/way/99323317","","","IM8 1DG",""
"100018169","way","https://osm.org/way/100018169","","","IM9 1AB",""
"100018170","way","https://osm.org/way/100018170","","","IM9 1AB",""
"100018177","way","https://osm.org/way/100018177","","","IM9 1AB",""
"100443840","way","https://osm.org/way/100443840","","","IM9 1DQ",""
"101183786","way","https://osm.org/way/101183786","","","IM8 2JF","Isle of Man Government Land Registry Land Transactions"
"101393009","way","https://osm.org/way/101393009","","","IM9 6BD",""
"101799684","way","https://osm.org/way/101799684","","","IM9 5DE",""
"101799752","way","https://osm.org/way/101799752","","","IM9 5NF",""
"101847182","way","https://osm.org/way/101847182","","","IM9 6EX",""
"101875109","way","https://osm.org/way/101875109","","","IM9 5EB",""
"102638470","way","https://osm.org/way/102638470","","","IM8 1AP",""
"102856169","way","https://osm.org/way/102856169","","","IM8 1AH",""
"103529582","way","https://osm.org/way/103529582","","","IM9 4EJ","Isle of Man Government Land Registry Land Transactions"
"103567076","way","https://osm.org/way/103567076","","","IM1 4AF;IM1 4AL;IM1 4AW","Isle of Man Government Land Registry Land Transactions"
"103786559","way","https://osm.org/way/103786559","","","IM9 5LD",""
"103786575","way","https://osm.org/way/103786575","","","IM9 5LD",""
"103786586","way","https://osm.org/way/103786586","","","IM9 5LD",""
"103786657","way","https://osm.org/way/103786657","","","IM9 5LD",""
"103786664","way","https://osm.org/way/103786664","","","IM9 5LD",""
"104422694","way","https://osm.org/way/104422694","","","IM9 6QB",""
"104799638","way","https://osm.org/way/104799638","","","IM9 1AB",""
"104804401","way","https://osm.org/way/104804401","","","IM2 4EY",""
"113526284","way","https://osm.org/way/113526284","","","IM7 4JA",""
"115752152","way","https://osm.org/way/115752152","","","IM7 5AT",""
"120827305","way","https://osm.org/way/120827305","","","IM1 4AU","Isle of Man Government Land Registry Land Transactions"
"135427827","way","https://osm.org/way/135427827","","","IM4 3BE","Isle of Man Government Land Registry Land Transactions"
"135427828","way","https://osm.org/way/135427828","","","IM4 3BE","Isle of Man Government Land Registry Land Transactions"
"136360207","way","https://osm.org/way/136360207","","","IM3 1RR",""
"146811061","way","https://osm.org/way/146811061","","","IM9 4BS",""
"146833068","way","https://osm.org/way/146833068","","","IM5 1AR",""
"146833081","way","https://osm.org/way/146833081","","","IM5 1AL",""
"147204835","way","https://osm.org/way/147204835","","","IM5 1PB",""
"147860349","way","https://osm.org/way/147860349","","","IM5 1JS",""
"149066461","way","https://osm.org/way/149066461","","","IM5 1GN","Isle of Man Government Land Registry Land Transactions"
"150968336","way","https://osm.org/way/150968336","","","IM5 1DF","Isle of Man Government Land Registry Land Transactions"
"153713028","way","https://osm.org/way/153713028","","","IM4 2JH","Isle of Man Government Land Registry Land Transactions"
"157868404","way","https://osm.org/way/157868404","","","IM7 5EE",""
"158683980","way","https://osm.org/way/158683980","","","IM9 3AZ",""
"158924015","way","https://osm.org/way/158924015","","","IM9 3DF","Isle of Man Government Planning Applications"
"158924018","way","https://osm.org/way/158924018","","","IM9 3DF","Isle of Man Government Planning Applications"
"160058076","way","https://osm.org/way/160058076","","","IM4 2JJ","Isle of Man Government Land Registry Land Transactions"
"161340854","way","https://osm.org/way/161340854","","","IM9 3BD",""
"161834494","way","https://osm.org/way/161834494","","","IM9 4HQ",""
"162111451","way","https://osm.org/way/162111451","","","IM4 5EX",""
"162747171","way","https://osm.org/way/162747171","","","IM4 1BB",""
"163139334","way","https://osm.org/way/163139334","","","IM9 3AS",""
"163139337","way","https://osm.org/way/163139337","","","IM4 2AG",""
"163743742","way","https://osm.org/way/163743742","","","IM4 2HW","Isle of Man Government Land Registry Land Transactions"
"164063915","way","https://osm.org/way/164063915","","","IM2 6PP","Isle of Man Government Land Registry Land Transactions"
"164063917","way","https://osm.org/way/164063917","","","IM2 6PT","Isle of Man Government Land Registry Land Transactions"
"164408652","way","https://osm.org/way/164408652","","","IM4 4BG",""
"165129855","way","https://osm.org/way/165129855","","","IM2 6AZ;IM2 6BA","Isle of Man Government Land Registry Land Transactions"
"165129863","way","https://osm.org/way/165129863","","","IM2 6HP","Isle of Man Government Land Registry Land Transactions"
"165339593","way","https://osm.org/way/165339593","","","IM2 5EL","Isle of Man Government Land Registry Land Transactions"
"165560621","way","https://osm.org/way/165560621","","","IM2 1HN","Isle of Man Government Land Registry Land Transactions"
"165801850","way","https://osm.org/way/165801850","","","IM5 1DD;IM5 1DE","Isle of Man Government Land Registry Land Transactions"
"165849970","way","https://osm.org/way/165849970","","","IM6 1AU",""
"168797474","way","https://osm.org/way/168797474","","","IM5 1GQ","Isle of Man Government Land Registry Land Transactions"
"168817259","way","https://osm.org/way/168817259","","","IM5 1JZ;IM5 1LB","Isle of Man Government Land Registry Land Transactions"
"170515399","way","https://osm.org/way/170515399","","","IM3 4AE",""
"177510203","way","https://osm.org/way/177510203","","","IM4 3JX","Isle of Man Government Land Registry Land Transactions"
"183908224","way","https://osm.org/way/183908224","","","IM4 1EG",""
"183946905","way","https://osm.org/way/183946905","","","IM4 1EF",""
"186706051","way","https://osm.org/way/186706051","","","IM1 5AX",""
"217428520","way","https://osm.org/way/217428520","","","IM4 3JX","Isle of Man Government Land Registry Land Transactions"
"220274110","way","https://osm.org/way/220274110","","","IM9 3DD","Isle of Man Government Planning Applications"
"220277542","way","https://osm.org/way/220277542","","","IM9 2RQ",""
"230777716","way","https://osm.org/way/230777716","","","IM7 1HF",""
"231764128","way","https://osm.org/way/231764128","","","IM4 1HT","Isle of Man Government Planning Applications"
"233925092","way","https://osm.org/way/233925092","","","IM4 7AZ",""
"233926121","way","https://osm.org/way/233926121","","","IM2 6EE","Isle of Man Government Land Registry Land Transactions"
"234951317","way","https://osm.org/way/234951317","","","IM7 1EL","Isle of Man Government Land Registry Land Transactions"
"238678567","way","https://osm.org/way/238678567","","","IM3 3AP",""
"241013776","way","https://osm.org/way/241013776","","","IM1 3AD",""
"244714300","way","https://osm.org/way/244714300","","","IM8 3TD","Isle of Man Government Land Registry Land Transactions"
"254847409","way","https://osm.org/way/254847409","","","IM7 3EB",""
"267426976","way","https://osm.org/way/267426976","","","IM2 7AR","Isle of Man Government Land Registry Land Transactions"
"280860904","way","https://osm.org/way/280860904","","","IM1 3AD",""
"303188598","way","https://osm.org/way/303188598","","","IM4 4TW","Isle of Man Government Land Registry Land Transactions"
"362438569","way","https://osm.org/way/362438569","","","IM2 4EP","Isle of Man Government Land Registry Land Transactions"
"362438570","way","https://osm.org/way/362438570","","","IM2 3HU;IM2 3HX","Isle of Man Government Land Registry Land Transactions"
"383660973","way","https://osm.org/way/383660973","","","IM2 3HY","Isle of Man Government Land Registry Land Transactions"
"385725694","way","https://osm.org/way/385725694","","","IM1 1ED","Isle of Man Government Planning Applications"
"410386585","way","https://osm.org/way/410386585","","","IM1 5AX",""
"415157514","way","https://osm.org/way/415157514","","","IM1 2HB",""
"416526306","way","https://osm.org/way/416526306","","","IM1 2EU",""
"417401592","way","https://osm.org/way/417401592","","","IM1 2EG",""
"417401597","way","https://osm.org/way/417401597","","","IM1 2EL",""
"417401610","way","https://osm.org/way/417401610","","","IM1 2EL",""
"418111622","way","https://osm.org/way/418111622","","","IM1 2FD",""
"418111624","way","https://osm.org/way/418111624","","","IM1 2EG",""
"419070482","way","https://osm.org/way/419070482","","","IM1 2EF",""
"419113931","way","https://osm.org/way/419113931","","","IM1 2EN",""
"419113939","way","https://osm.org/way/419113939","","","IM1 2EJ",""
"419113940","way","https://osm.org/way/419113940","","","IM1 2EF",""
"419113941","way","https://osm.org/way/419113941","","","IM1 2EJ",""
"419113942","way","https://osm.org/way/419113942","","","IM1 2RL",""
"420028936","way","https://osm.org/way/420028936","","","IM1 2RP",""
"420028939","way","https://osm.org/way/420028939","","","IM1 2LF",""
"420051245","way","https://osm.org/way/420051245","","","IM1 2AY",""
"437221850","way","https://osm.org/way/437221850","","","IM5 3BS",""
"449212035","way","https://osm.org/way/449212035","","","IM3 1NT","Isle of Man Government Land Registry Land Transactions"
"473670526","way","https://osm.org/way/473670526","","","IM9 1TX","Isle of Man Government Planning Applications"
"482034439","way","https://osm.org/way/482034439","","","IM4 4BX","Isle of Man Government Planning Applications"
"527749506","way","https://osm.org/way/527749506","","","IM9 4BP","Isle of Man Government Land Registry Land Transactions"
"529202828","way","https://osm.org/way/529202828","","","IM1 4HQ","Isle of Man Government Planning Applications"
"809162626","way","https://osm.org/way/809162626","","","IM5 1GU","Isle of Man Government Land Registry Land Transactions"
"831979539","way","https://osm.org/way/831979539","","","IM5 3BS","Isle of Man Government Planning Applications"
"840594528","way","https://osm.org/way/840594528","","","IM5 1QZ","Isle of Man Government Land Registry Land Transactions"
"845468327","way","https://osm.org/way/845468327","","","IM2 5BE","Isle of Man Government Land Registry Land Transactions"
"859693122","way","https://osm.org/way/859693122","","","IM5 1QY","Isle of Man Government Land Registry Land Transactions"
"859693126","way","https://osm.org/way/859693126","","","IM5 1QX","Isle of Man Government Land Registry Land Transactions"
"859695488","way","https://osm.org/way/859695488","","","IM5 1QQ","Isle of Man Government Land Registry Land Transactions"
"889619377","way","https://osm.org/way/889619377","","","IM7 3HH",""
"889619421","way","https://osm.org/way/889619421","","","IM7 3HL","Isle of Man Government Land Registry Land Transactions"
"895078378","way","https://osm.org/way/895078378","","","IM7 4AT",""
"902489571","way","https://osm.org/way/902489571","","","IM4 2AP","Isle of Man Government Land Registry Land Transactions"
"908204536","way","https://osm.org/way/908204536","","","IM4 5BP",""
"914419452","way","https://osm.org/way/914419452","","","IM4 3BE","Isle of Man Government Land Registry Land Transactions"
"970378264","way","https://osm.org/way/970378264","","","IM9 2BB","Isle of Man Government Land Registry Land Transactions"
"1000314658","way","https://osm.org/way/1000314658","","","IM7 4AB","Isle of Man Government Land Registry Land Transactions"
"1002356077","way","https://osm.org/way/1002356077","","","IM7 4EG","Isle of Man Government Land Registry Land Transactions"
"1006860207","way","https://osm.org/way/1006860207","","","IM9 2BD","Isle of Man Government Land Registry Land Transactions"
"1006860208","way","https://osm.org/way/1006860208","","","IM9 2BG","Isle of Man Government Land Registry Land Transactions"
"1006860209","way","https://osm.org/way/1006860209","","","IM9 2BF","Isle of Man Government Land Registry Land Transactions"
"1008095876","way","https://osm.org/way/1008095876","","","IM2 5PQ","Isle of Man Government Land Registry Land Transactions"
"1013324821","way","https://osm.org/way/1013324821","","","IM5 1QS","Isle of Man Government Land Registry Land Transactions"
"1013324823","way","https://osm.org/way/1013324823","","","IM5 1QT","Isle of Man Government Land Registry Land Transactions"
"1013324824","way","https://osm.org/way/1013324824","","","IM5 1QP","Isle of Man Government Land Registry Land Transactions"
"1013324825","way","https://osm.org/way/1013324825","","","IM5 1QU","Isle of Man Government Land Registry Land Transactions"
"1013324828","way","https://osm.org/way/1013324828","","","IM5 1QN","Isle of Man Government Land Registry Land Transactions"
"1017843030","way","https://osm.org/way/1017843030","","","IM5 1DY","Isle of Man Government Land Registry Land Transactions"
"1067881496","way","https://osm.org/way/1067881496","","","IM8 3PQ",""
"1086228184","way","https://osm.org/way/1086228184","","","IM4 4BA","Isle of Man Government Land Registry Land Transactions"
"1098351712","way","https://osm.org/way/1098351712","","","IM4 4RN;IM4 4RR","Isle of Man Government Land Registry Land Transactions"
"1126021452","way","https://osm.org/way/1126021452","","","IM7 2EP",""
"1126198608","way","https://osm.org/way/1126198608","","","IM4 7DA",""
"1127979302","way","https://osm.org/way/1127979302","","","IM8 3UN",""
"1127979305","way","https://osm.org/way/1127979305","","","IM8 3UN",""
"1138725216","way","https://osm.org/way/1138725216","","","IM8 3UP",""
"1140129996","way","https://osm.org/way/1140129996","","","IM1 1JA",""
"1151321952","way","https://osm.org/way/1151321952","","","IM1 3DG","Isle of Man Government Land Registry Land Transactions"
"1157281444","way","https://osm.org/way/1157281444","","","IM9 1TS","Isle of Man Government Land Registry Land Transactions"
"1169944243","way","https://osm.org/way/1169944243","","","IM4 4QU","Isle of Man Government Planning Applications"
"1170163749","way","https://osm.org/way/1170163749","","","IM4 2HP","Isle of Man Government Land Registry Land Transactions"
"1176917703","way","https://osm.org/way/1176917703","","","IM7 4HY","Isle of Man Government Land Registry Land Transactions"
"1192641860","way","https://osm.org/way/1192641860","","","IM9 2BB","Isle of Man Government Land Registry Land Transactions"
"1192641861","way","https://osm.org/way/1192641861","","","IM9 2BD","Isle of Man Government Land Registry Land Transactions"
"1192641862","way","https://osm.org/way/1192641862","","","IM9 2BB","Isle of Man Government Land Registry Land Transactions"
"1192641865","way","https://osm.org/way/1192641865","","","IM9 2ES","Isle of Man Government Land Registry Land Transactions"
"1192967737","way","https://osm.org/way/1192967737","","","IM9 3DD","Isle of Man Government Planning Applications"
"1192967756","way","https://osm.org/way/1192967756","","","IM9 3EA","Isle of Man Government Land Registry Land Transactions"
"1192967768","way","https://osm.org/way/1192967768","","","IM9 3EB","Isle of Man Government Land Registry Land Transactions"
"1197166903","way","https://osm.org/way/1197166903","","","IM8 2HG;IM8 2HJ","Isle of Man Government Land Registry Land Transactions"
"1206734897","way","https://osm.org/way/1206734897","","","IM2 4EN",""
"1206734899","way","https://osm.org/way/1206734899","","","IM2 4EN",""
"1206737248","way","https://osm.org/way/1206737248","","","IM2 4EN",""
"1220527325","way","https://osm.org/way/1220527325","","","IM1 3AF",""
"1220527326","way","https://osm.org/way/1220527326","","","IM1 3AF",""
